"File","Line","Index","Domain"
"gls_corstep.f90","257","j","Jstr,Jend"
"gls_corstep.f90","258","i","Istr,Iend"
"gls_corstep.f90","297","k","1,N(ng)-1"
"gls_corstep.f90","298","j","Jstrm1,Jendp1"
"gls_corstep.f90","299","i","Istrm1,Iendp1"
"gls_corstep.f90","311","k","1,N(ng)-1"
"gls_corstep.f90","312","j","Jstr-1,Jend+1"
"gls_corstep.f90","313","i","Istr-1,Iend+1"
"gls_corstep.f90","324","k","1,N(ng)-1"
"gls_corstep.f90","326","j","MAX(1,Jstr-1),MIN(Jend+1,Mm(ng))"
"gls_corstep.f90","331","j","MAX(1,Jstr-1),MIN(Jend+1,Mm(ng))"
"gls_corstep.f90","336","i","MAX(1,Istr-1),MIN(Iend+1,Lm(ng))"
"gls_corstep.f90","341","i","MAX(1,Istr-1),MIN(Iend+1,Lm(ng))"
"gls_corstep.f90","360","j","Jstr-1,Jend"
"gls_corstep.f90","361","i","Istr-1,Iend"
"gls_corstep.f90","368","j","Jstr,Jend"
"gls_corstep.f90","369","i","Istr,Iend"
"gls_corstep.f90","387","k","1,N(ng)-1"
"gls_corstep.f90","388","j","Jstr,Jend"
"gls_corstep.f90","389","i","Istrm1,Iendp2"
"gls_corstep.f90","398","j","Jstr,Jend"
"gls_corstep.f90","406","j","Jstr,Jend"
"gls_corstep.f90","416","j","Jstr,Jend"
"gls_corstep.f90","417","i","Istr-1,Iend+1"
"gls_corstep.f90","422","j","Jstr,Jend"
"gls_corstep.f90","423","i","Istr,Iend+1"
"gls_corstep.f90","438","j","Jstrm1,Jendp2"
"gls_corstep.f90","439","i","Istr,Iend"
"gls_corstep.f90","448","i","Istr,Iend"
"gls_corstep.f90","456","i","Istr,Iend"
"gls_corstep.f90","462","j","Jstr-1,Jend+1"
"gls_corstep.f90","463","i","Istr,Iend"
"gls_corstep.f90","468","j","Jstr,Jend+1"
"gls_corstep.f90","469","i","Istr,Iend"
"gls_corstep.f90","487","j","Jstr,Jend"
"gls_corstep.f90","488","i","Istr,Iend"
"gls_corstep.f90","510","j","Jstr,Jend"
"gls_corstep.f90","513","k","2,N(ng)-1"
"gls_corstep.f90","514","i","Istr,Iend"
"gls_corstep.f90","529","i","Istr,Iend"
"gls_corstep.f90","548","k","1,N(ng)-1"
"gls_corstep.f90","549","i","Istr,Iend"
"gls_corstep.f90","568","i","Istr,Iend"
"gls_corstep.f90","569","k","2,N(ng)-1"
"gls_corstep.f90","582","i","Istr,Iend"
"gls_corstep.f90","583","k","1,N(ng)-1"
"gls_corstep.f90","666","i","Istr,Iend"
"gls_corstep.f90","687","i","Istr,Iend"
"gls_corstep.f90","695","i","Istr,Iend"
"gls_corstep.f90","696","k","N(ng)-2,1,-1"
"gls_corstep.f90","704","k","2,N(ng)-1"
"gls_corstep.f90","705","i","Istr,Iend"
"gls_corstep.f90","712","i","Istr,Iend"
"gls_corstep.f90","729","i","Istr,Iend"
"gls_corstep.f90","730","k","N(ng)-2,1,-1"
"gls_corstep.f90","738","k","2,N(ng)-1"
"gls_corstep.f90","739","i","Istr,Iend"
"gls_corstep.f90","748","i","Istr,Iend"
"gls_corstep.f90","749","k","1,N(ng)-1"
"gls_corstep.f90","823","itrc","1,NAT"
"gls_corstep.f90","852","itrc","1,NAT"
"gls_corstep.f90","879","itrc","1,NAT"
"biology.f90","378","k","1,N(ng)"
"biology.f90","379","i","Istr,Iend"
"biology.f90","384","k","1,N(ng)-1"
"biology.f90","385","i","Istr,Iend"
"biology.f90","389","k","2,N(ng)-1"
"biology.f90","390","i","Istr,Iend"
"biology.f90","402","ibio","1,NBT"
"biology.f90","404","k","1,N(ng)"
"biology.f90","405","i","Istr,Iend"
"biology.f90","412","k","1,N(ng)"
"biology.f90","413","i","Istr,Iend"
"biology.f90","448","k","1,N(ng)"
"biology.f90","449","i","Istr,Iend"
"biology.f90","455","k","1,N(ng)"
"biology.f90","456","i","Istr,Iend"
"biology.f90","464","k","1,N(ng)"
"biology.f90","465","i","Istr,Iend"
"biology.f90","487","i","Istr,Iend"
"biology.f90","547","i","Istr,Iend"
"biology.f90","550","k","N(ng),1,-1"
"biology.f90","572","k","1,N(ng)"
"biology.f90","573","i","Istr,Iend"
"biology.f90","1047","i","Istr,Iend"
"biology.f90","1089","i","Istr,Iend"
"biology.f90","1119","i","Istr,Iend"
"biology.f90","1138","k","1,N(ng)"
"biology.f90","1139","i","Istr,Iend"
"biology.f90","1144","k","N(ng)-1,1,-1"
"biology.f90","1145","i","Istr,Iend"
"biology.f90","1150","i","Istr,Iend"
"biology.f90","1151","k","1,N(ng)"
"biology.f90","1164","k","1,N(ng)"
"biology.f90","1184","k","1,N(ng)"
"biology.f90","1185","i","Istr,Iend"
"biology.f90","1236","k","1,N(ng)"
"biology.f90","1237","i","Istr,Iend"
"biology.f90","1246","ibio","1,NBT"
"biology.f90","1248","k","1,N(ng)"
"biology.f90","1249","i","Istr,Iend"
"biology.f90","1685","J","1,MAXIT"
