"Id","StartLine","EndLine","Index","Domain","NestedDoCount","Writes","Reads"
"1","301","305","j","JstrVm2-1,Jendp2","1","drhs","h;zeta"
"2","302","304","i","IstrUm2-1,Iendp2","0","drhs","h;zeta"
"3","306","312","j","JstrVm2-1,Jendp2","1","duon","drhs;on_u;ubar"
"4","307","311","i","IstrUm2,Iendp2","0","duon","drhs;on_u;ubar"
"5","313","319","j","JstrVm2,Jendp2","1","dvom","drhs;om_v;vbar"
"6","314","318","i","IstrUm2-1,Iendp2","0","dvom","drhs;om_v;vbar"
"7","359","367","j","JstrR,JendR","2","du_avg1;du_avg2;zt_avg1","duon"
"8","360","362","i","IstrR,IendR","0","zt_avg1",""
"9","363","366","i","Istr,IendR","0","du_avg1;du_avg2","duon"
"10","368","373","j","Jstr,JendR","1","dv_avg1;dv_avg2","dvom"
"11","369","372","i","IstrR,IendR","0","dv_avg1;dv_avg2","dvom"
"12","383","391","j","JstrR,JendR","2","du_avg1;du_avg2;zt_avg1","duon;zeta"
"13","384","386","i","IstrR,IendR","0","zt_avg1","zeta"
"14","387","390","i","Istr,IendR","0","du_avg1;du_avg2","duon"
"15","392","397","j","Jstr,JendR","1","dv_avg1;dv_avg2","dvom"
"16","393","396","i","IstrR,IendR","0","dv_avg1;dv_avg2","dvom"
"17","405","409","j","JstrR,JendR","1","du_avg2","duon"
"18","406","408","i","Istr,IendR","0","du_avg2","duon"
"19","410","414","j","Jstr,JendR","1","dv_avg2","dvom"
"20","411","413","i","IstrR,IendR","0","dv_avg2","dvom"
"21","486","500","j","JstrV-1,Jend","1","dnew;gzeta;gzeta2;gzetasa;rhs_zeta;zeta_new;zwrk","duon;dvom;h;pm;pn;rhoa;rhos;rmask;zeta"
"22","487","499","i","IstrU-1,Iend","0","dnew;gzeta;gzeta2;gzetasa;rhs_zeta;zeta_new;zwrk","duon;dvom;h;pm;pn;rhoa;rhos;rmask;zeta"
"23","505","520","j","JstrV-1,Jend","1","dnew;gzeta;gzeta2;gzetasa;rhs_zeta;zeta_new;zwrk","duon;dvom;h;pm;pn;rhoa;rhos;rmask;zeta"
"24","506","519","i","IstrU-1,Iend","0","dnew;gzeta;gzeta2;gzetasa;rhs_zeta;zeta_new;zwrk","duon;dvom;h;pm;pn;rhoa;rhos;rmask;zeta"
"25","527","543","j","JstrV-1,Jend","1","dnew;gzeta;gzeta2;gzetasa;zeta_new;zwrk","duon;dvom;h;pm;pn;rhoa;rhos;rmask;rzeta;zeta"
"26","528","542","i","IstrU-1,Iend","0","dnew;gzeta;gzeta2;gzetasa;zeta_new;zwrk","duon;dvom;h;pm;pn;rhoa;rhos;rmask;rzeta;zeta"
"27","551","557","j","Jstr,Jend","1","zeta","dcrit;h;rmask;zeta_new"
"28","552","556","i","Istr,Iend","0","zeta","dcrit;h;rmask;zeta_new"
"29","562","566","j","Jstr,Jend","1","rzeta","rhs_zeta"
"30","563","565","i","Istr,Iend","0","rzeta","rhs_zeta"
"31","582","591","is","1,Nsrc(ng)","0","zeta","dtfast;if;isrc;jsrc;pm;pn;qbar;sources"
"32","622","659","j","Jstr,Jend","4","rhs_ubar;rhs_vbar","gzeta;gzeta2;gzetasa;h;if;om_v;on_u;rhoa;zwrk"
"33","623","639","i","IstrU,Iend","0","rhs_ubar","gzeta;gzeta2;gzetasa;h;on_u;rhoa;zwrk"
"34","641","657","i","Istr,Iend","0","rhs_vbar","gzeta;gzeta2;gzetasa;h;om_v;rhoa;zwrk"
"35","667","673","j","Jstr,Jend","1","dgrad;grad","duon;ubar"
"36","668","672","i","IstrUm1,Iendp1","0","dgrad;grad","duon;ubar"
"37","676","679","j","Jstr,Jend","0","dgrad;grad",""
"38","684","687","j","Jstr,Jend","0","dgrad;grad",""
"39","691","699","j","Jstr,Jend","1","ufx","dgrad;duon;grad;ubar"
"40","692","698","i","IstrU-1,Iend","0","ufx","dgrad;duon;grad;ubar"
"41","701","706","j","Jstrm1,Jendp1","1","grad","ubar"
"42","702","705","i","IstrU,Iend","0","grad","ubar"
"43","709","711","i","IstrU,Iend","0","grad",""
"44","716","718","i","IstrU,Iend","0","grad",""
"45","721","725","j","Jstr,Jend+1","1","dgrad","dvom"
"46","722","724","i","IstrU-1,Iend","0","dgrad","dvom"
"47","727","735","j","Jstr,Jend+1","1","ufe","dgrad;dvom;grad;ubar"
"48","728","734","i","IstrU,Iend","0","ufe","dgrad;dvom;grad;ubar"
"49","737","742","j","JstrV,Jend","1","grad","vbar"
"50","738","741","i","Istrm1,Iendp1","0","grad","vbar"
"51","745","747","j","JstrV,Jend","0","grad",""
"52","752","754","j","JstrV,Jend","0","grad",""
"53","757","761","j","JstrV-1,Jend","1","dgrad","duon"
"54","758","760","i","Istr,Iend+1","0","dgrad","duon"
"55","763","771","j","JstrV,Jend","1","vfx","dgrad;duon;grad;vbar"
"56","764","770","i","Istr,Iend+1","0","vfx","dgrad;duon;grad;vbar"
"57","773","779","j","JstrVm1,Jendp1","1","dgrad;grad","dvom;vbar"
"58","774","778","i","Istr,Iend","0","dgrad;grad","dvom;vbar"
"59","782","785","i","Istr,Iend","0","dgrad;grad",""
"60","790","793","i","Istr,Iend","0","dgrad;grad",""
"61","797","805","j","JstrV-1,Jend","1","vfe","dgrad;dvom;grad;vbar"
"62","798","804","i","Istr,Iend","0","vfe","dgrad;dvom;grad;vbar"
"63","807","814","j","Jstr,Jend","1","rhs_ubar","ufe;ufx"
"64","808","813","i","IstrU,Iend","0","rhs_ubar","ufe;ufx"
"65","815","822","j","JstrV,Jend","1","rhs_vbar","vfe;vfx"
"66","816","821","i","Istr,Iend","0","rhs_vbar","vfe;vfx"
"67","828","836","j","JstrV-1,Jend","1","ufx;vfe","drhs;fomn;ubar;vbar"
"68","829","835","i","IstrU-1,Iend","0","ufx;vfe","drhs;fomn;ubar;vbar"
"69","837","842","j","Jstr,Jend","1","rhs_ubar","ufx"
"70","838","841","i","IstrU,Iend","0","rhs_ubar","ufx"
"71","843","848","j","JstrV,Jend","1","rhs_vbar","vfe"
"72","844","847","i","Istr,Iend","0","rhs_vbar","vfe"
"73","854","866","j","JstrV-1,Jend","1","ufx;vfe","dmde;dndx;drhs;ubar;vbar"
"74","855","865","i","IstrU-1,Iend","0","ufx;vfe","dmde;dndx;drhs;ubar;vbar"
"75","867","872","j","Jstr,Jend","1","rhs_ubar","ufx"
"76","868","871","i","IstrU,Iend","0","rhs_ubar","ufx"
"77","873","878","j","JstrV,Jend","1","rhs_vbar","vfe"
"78","874","877","i","Istr,Iend","0","rhs_vbar","vfe"
"79","884","889","j","Jstr,Jend+1","1","drhs_p","drhs"
"80","885","888","i","Istr,Iend+1","0","drhs_p","drhs"
"81","898","910","j","JstrV-1,Jend","1","ufx;vfe","drhs;om_r;on_r;pm;pmon_r;pn;pnom_r;ubar;vbar;visc2_r"
"82","899","909","i","IstrU-1,Iend","0","ufx;vfe","drhs;om_r;on_r;pm;pmon_r;pn;pnom_r;ubar;vbar;visc2_r"
"83","911","925","j","Jstr,Jend+1","1","ufe;vfx","drhs_p;om_p;on_p;pm;pmask;pmask_wet;pmon_p;pn;pnom_p;ubar;vbar;visc2_p"
"84","912","924","i","Istr,Iend+1","0","ufe;vfx","drhs_p;om_p;on_p;pm;pmask;pmask_wet;pmon_p;pn;pnom_p;ubar;vbar;visc2_p"
"85","929","936","j","Jstr,Jend","1","rhs_ubar","pm;pn;ufe;ufx"
"86","930","935","i","IstrU,Iend","0","rhs_ubar","pm;pn;ufe;ufx"
"87","937","944","j","JstrV,Jend","1","rhs_vbar","pm;pn;vfe;vfx"
"88","938","943","i","Istr,Iend","0","rhs_vbar","pm;pn;vfe;vfx"
"89","951","961","j","Jstr,Jend","1","rhs_ubar","clima;drhs;m2nudgcof;om_u;on_u;ubar;ubarclm"
"90","952","960","i","IstrU,Iend","0","rhs_ubar","clima;drhs;m2nudgcof;om_u;on_u;ubar;ubarclm"
"91","962","972","j","JstrV,Jend","1","rhs_vbar","clima;drhs;m2nudgcof;om_v;on_v;vbar;vbarclm"
"92","963","971","i","Istr,Iend","0","rhs_vbar","clima;drhs;m2nudgcof;om_v;on_v;vbar;vbarclm"
"93","994","1000","j","Jstr,Jend","1","rhs_ubar;ru;rufrc",""
"94","995","999","i","IstrU,Iend","0","rhs_ubar;ru;rufrc",""
"95","1001","1007","j","JstrV,Jend","1","rhs_vbar;rv;rvfrc",""
"96","1002","1006","i","Istr,Iend","0","rhs_vbar;rv;rvfrc",""
"97","1009","1016","j","Jstr,Jend","1","rhs_ubar;ru;rufrc",""
"98","1010","1015","i","IstrU,Iend","0","rhs_ubar;ru;rufrc",""
"99","1017","1024","j","JstrV,Jend","1","rhs_vbar;rv;rvfrc",""
"100","1018","1023","i","Istr,Iend","0","rhs_vbar;rv;rvfrc",""
"101","1029","1038","j","Jstr,Jend","1","rhs_ubar;ru;rufrc",""
"102","1030","1037","i","IstrU,Iend","0","rhs_ubar;ru;rufrc",""
"103","1039","1048","j","JstrV,Jend","1","rhs_vbar;rv;rvfrc",""
"104","1040","1047","i","Istr,Iend","0","rhs_vbar;rv;rvfrc",""
"105","1051","1055","j","Jstr,Jend","1","rhs_ubar","rufrc"
"106","1052","1054","i","IstrU,Iend","0","rhs_ubar","rufrc"
"107","1056","1060","j","JstrV,Jend","1","rhs_vbar","rvfrc"
"108","1057","1059","i","Istr,Iend","0","rhs_vbar","rvfrc"
"109","1069","1073","j","JstrV-1,Jend","1","dstp","h;zeta"
"110","1070","1072","i","IstrU-1,Iend","0","dstp","h;zeta"
"111","1082","1100","j","Jstr,Jend","1","rhs_ubar;ru;rufrc;ubar","abs;dnew;dsign;dstp;if;pm;pn;predictor_2d_step;umask;umask_wet"
"112","1083","1099","i","IstrU,Iend","0","rhs_ubar;ru;rufrc;ubar","abs;dnew;dsign;dstp;if;pm;pn;predictor_2d_step;umask;umask_wet"
"113","1101","1119","j","JstrV,Jend","1","rhs_vbar;rv;rvfrc;vbar","abs;dnew;dsign;dstp;if;pm;pn;predictor_2d_step;vmask;vmask_wet"
"114","1102","1118","i","Istr,Iend","0","rhs_vbar;rv;rvfrc;vbar","abs;dnew;dsign;dstp;if;pm;pn;predictor_2d_step;vmask;vmask_wet"
"115","1123","1137","j","Jstr,Jend","1","rhs_ubar;ubar","abs;dnew;dsign;dstp;pm;pn;umask;umask_wet"
"116","1124","1136","i","IstrU,Iend","0","rhs_ubar;ubar","abs;dnew;dsign;dstp;pm;pn;umask;umask_wet"
"117","1138","1152","j","JstrV,Jend","1","rhs_vbar;vbar","abs;dnew;dsign;dstp;pm;pn;vmask;vmask_wet"
"118","1139","1151","i","Istr,Iend","0","rhs_vbar;vbar","abs;dnew;dsign;dstp;pm;pn;vmask;vmask_wet"
"119","1158","1174","j","Jstr,Jend","1","rhs_ubar;ubar","abs;dnew;dsign;dstp;pm;pn;rubar;umask;umask_wet"
"120","1159","1173","i","IstrU,Iend","0","rhs_ubar;ubar","abs;dnew;dsign;dstp;pm;pn;rubar;umask;umask_wet"
"121","1175","1191","j","JstrV,Jend","1","rhs_vbar;vbar","abs;dnew;dsign;dstp;pm;pn;rvbar;vmask;vmask_wet"
"122","1176","1190","i","Istr,Iend","0","rhs_vbar;vbar","abs;dnew;dsign;dstp;pm;pn;rvbar;vmask;vmask_wet"
"123","1198","1202","j","Jstr,Jend","1","rubar","rhs_ubar"
"124","1199","1201","i","IstrU,Iend","0","rubar","rhs_ubar"
"125","1203","1207","j","JstrV,Jend","1","rvbar","rhs_vbar"
"126","1204","1206","i","Istr,Iend","0","rvbar","rhs_vbar"
"127","1243","1260","is","1,Nsrc(ng)","0","ubar;vbar","dsrc;h;if;int;isrc;jsrc;om_v;on_u;qbar;sources;zeta"
