"Line","Kind","Name"
"70","CALL","step2d_tile"
"322","CALL","exchange_u2d_tile"
"325","CALL","exchange_v2d_tile"
"329","CALL","mp_exchange2d"
"339","CALL","set_DUV_bc_tile"
"426","CALL","exchange_r2d_tile"
"429","CALL","exchange_u2d_tile"
"432","CALL","exchange_v2d_tile"
"435","CALL","exchange_u2d_tile"
"438","CALL","exchange_v2d_tile"
"442","CALL","mp_exchange2d"
"447","CALL","mp_exchange2d"
"458","CALL","wetdry_tile"
"473","RETURN_GATE","conditional return"
"568","CALL","exchange_r2d_tile"
"572","CALL","mp_exchange2d"
"596","CALL","zetabc_tile"
"602","CALL","exchange_r2d_tile"
"606","CALL","mp_exchange2d"
"1214","CALL","u2dbc_tile"
"1219","CALL","v2dbc_tile"
"1229","CALL","obc_flux_tile"
"1268","CALL","exchange_u2d_tile"
"1271","CALL","exchange_v2d_tile"
"1275","CALL","mp_exchange2d"
