#rank=51	host=i17r2n11	pid=3784	events=456054	overflow=0	block_seconds=6.000000
op	caller	count	tag	peer_class	b0_calls	b0_gap_sum	b0_gap_max	b0_mpi_sum	b0_mpi_max	b1_calls	b1_gap_sum	b1_gap_max	b1_mpi_sum	b1_mpi_max	b2_calls	b2_gap_sum	b2_gap_max	b2_mpi_sum	b2_mpi_max
1	0x5e4722	108	2	8	290	0.000021810	0.000002620	0.000039061	0.000000650	10230	0.000636091	0.000000920	0.001343105	0.000008940	3517	0.000217160	0.000000660	0.000483161	0.000001220
1	0x5d4bb5	14805	3	-1	1	0.020154679	0.020154679	0.000003010	0.000003010	8	0.136187635	0.017092654	0.000016510	0.000003500	4	0.067482006	0.017010744	0.000008960	0.000002940
3	0x5e46a2	216	4	8	98	0.000017340	0.000003080	0.000086430	0.000005930	3912	0.000480381	0.000000800	0.003169143	0.000008490	1339	0.000166890	0.000000660	0.001095690	0.000010100
1	0x62420d	176868	4	-8	1	0.002976455	0.002976455	0.000002390	0.000002390	0	0.000000000	0.000000000	0.000000000	0.000000000	0	0.000000000	0.000000000	0.000000000	0.000000000
1	0x62ac22	192474	1	1	2	0.000015320	0.000014920	0.000000910	0.000000650	43	0.000039552	0.000010060	0.000014250	0.000000590	15	0.000010560	0.000001060	0.000005490	0.000000550
1	0x6481e0	71910	3	-1	1	0.000796821	0.000796821	0.000005460	0.000005460	8	0.008589353	0.001145362	0.000009310	0.000001690	4	0.004443048	0.001144832	0.000005100	0.000001830
1	0x5e1aea	312	4	-8	85	0.000047690	0.000001520	0.000010640	0.000000970	680	0.000393531	0.000007450	0.000075690	0.000001210	340	0.000190300	0.000001770	0.000036320	0.000000490
1	0x5e68b2	564	1	1	96	0.000007740	0.000000480	0.000009550	0.000000200	712	0.000066020	0.000010160	0.000068570	0.000000930	356	0.000030550	0.000000770	0.000034800	0.000000830
6	0x55fc42	463624	-1	-1	1	0.002673924	0.002673924	0.009732754	0.009732754	0	0.000000000	0.000000000	0.000000000	0.000000000	0	0.000000000	0.000000000	0.000000000	0.000000000
1	0x5e1aea	108	4	-8	290	0.000074930	0.000001250	0.000043010	0.000000920	10230	0.002423111	0.000001930	0.001053432	0.000007880	3517	0.000852101	0.000008030	0.000363731	0.000000870
1	0x62806d	7344	2	8	1	0.000000500	0.000000500	0.000000670	0.000000670	43	0.000021750	0.000002070	0.000034350	0.000001310	16	0.000006480	0.000000730	0.000014550	0.000001490
1	0x62ac22	7548	1	1	1	0.000000790	0.000000790	0.000000240	0.000000240	43	0.000031500	0.000004720	0.000013010	0.000000720	16	0.000008860	0.000000820	0.000005100	0.000000640
3	0x5e46a2	312	4	8	85	0.000006480	0.000001150	0.000078160	0.000002860	680	0.000044140	0.000000240	0.000595371	0.000007250	340	0.000021970	0.000000250	0.000298590	0.000007990
3	0x5de5b4	14805	3	1	1	0.000000460	0.000000460	0.000542750	0.000542750	8	0.000002720	0.000000450	0.001242842	0.000873551	4	0.000001480	0.000000450	0.000294250	0.000187150
3	0x62abd9	162996	1	-1	1	0.000000270	0.000000270	0.000393931	0.000393931	0	0.000000000	0.000000000	0.000000000	0.000000000	0	0.000000000	0.000000000	0.000000000	0.000000000
3	0x5e6875	111	1	-1	290	0.000025960	0.000006330	0.000209340	0.000004600	10230	0.000650611	0.000006320	0.005340704	0.000017440	3517	0.000220511	0.000001500	0.001846636	0.000008720
3	0x628017	7560	2	-8	1	0.000003280	0.000003280	0.000200241	0.000200241	43	0.000013270	0.000002240	0.011267826	0.008637723	16	0.000003230	0.000000270	0.003128593	0.001750192
4	0x5dce3c	1	-1	-1	66	0.000169370	0.000129190	0.000282570	0.000209370	692	0.000231740	0.000002020	0.023579211	0.013408059	266	0.000092941	0.000002030	0.000685200	0.000118290
3	0x62abd9	64158	1	-1	2	0.000017350	0.000017110	0.000483361	0.000260810	43	0.000016541	0.000001291	0.011004121	0.001284232	15	0.000006951	0.000000951	0.003823335	0.000514120
1	0x5dfbdb	282	3	-1	94	0.024121494	0.006668459	0.000025520	0.000005120	712	0.073929875	0.000180780	0.000133710	0.000001010	356	0.036693524	0.000168551	0.000065480	0.000000460
1	0x62ac22	128316	1	1	1	0.000000420	0.000000420	0.000000290	0.000000290	0	0.000000000	0.000000000	0.000000000	0.000000000	0	0.000000000	0.000000000	0.000000000	0.000000000
3	0x5db80c	10710	4	8	1	0.000000250	0.000000250	0.000020880	0.000020880	8	0.000003640	0.000001710	0.000146920	0.000020660	4	0.000002420	0.000001530	0.000084390	0.000027080
1	0x62420d	10404	4	-8	1	0.000056280	0.000056280	0.000000320	0.000000320	8	0.000548010	0.000098070	0.000031820	0.000011490	4	0.000282871	0.000075580	0.000001520	0.000000450
3	0x5de5b4	3885	3	1	17	0.000008050	0.000003540	0.000794611	0.000358981	217	0.000052980	0.000001050	0.006651861	0.002263884	78	0.000018550	0.000000600	0.001483232	0.000446040
3	0x5e6832	228	3	1	85	0.000007560	0.000002160	0.000089920	0.000001480	3740	0.000257699	0.000001050	0.003929218	0.000008800	1275	0.000089030	0.000000740	0.001339795	0.000008530
6	0x560ac0	2254	-1	-1	0	0.000000000	0.000000000	0.000000000	0.000000000	8	0.000123380	0.000029180	0.002609103	0.000538951	4	0.000061520	0.000019570	0.000789802	0.000348411
1	0x621701	7770	3	-1	1	0.000079490	0.000079490	0.000000440	0.000000440	43	0.003130136	0.000088051	0.000018700	0.000001110	16	0.001178691	0.000083970	0.000005890	0.000000790
3	0x64a1c4	55080	2	-8	1	0.000000360	0.000000360	0.000080730	0.000080730	43	0.000019930	0.000001530	0.010744553	0.001583113	16	0.000006070	0.000000830	0.002718322	0.000240360
1	0x5d4bb5	11655	3	-1	1	0.008938912	0.008938912	0.000001660	0.000001660	43	0.393728716	0.015659832	0.000083730	0.000003270	16	0.140609584	0.008850593	0.000029320	0.000002840
1	0x62806d	7560	2	8	1	0.000000280	0.000000280	0.000000470	0.000000470	43	0.000014230	0.000001330	0.000008610	0.000000650	16	0.000003540	0.000000370	0.000004200	0.000000690
3	0x5e6875	444	1	-1	98	0.000013450	0.000005390	0.000142090	0.000006060	3871	0.000269150	0.000000940	0.004640406	0.000008520	1320	0.000090460	0.000000710	0.001567183	0.000009770
3	0x62ab93	81498	3	1	1	0.000010430	0.000010430	0.000189050	0.000189050	32	0.000017000	0.000001570	0.005679000	0.000406690	16	0.000008820	0.000001800	0.002710905	0.000284740
1	0x621701	9588	3	-1	1	0.009787434	0.009787434	0.000003620	0.000003620	8	0.064419712	0.008245782	0.000030420	0.000006300	4	0.031871925	0.008094601	0.000016640	0.000007100
1	0x5dfbdb	288	3	-1	85	0.000574732	0.000060121	0.000012670	0.000001100	680	0.004309819	0.000036570	0.000094991	0.000001640	340	0.002174356	0.000037590	0.000045030	0.000000510
3	0x5db80c	2601	4	8	1	0.000000200	0.000000200	0.000202670	0.000202670	0	0.000000000	0.000000000	0.000000000	0.000000000	0	0.000000000	0.000000000	0.000000000	0.000000000
1	0x621701	162996	3	-1	1	0.007841191	0.007841191	0.000001840	0.000001840	0	0.000000000	0.000000000	0.000000000	0.000000000	0	0.000000000	0.000000000	0.000000000	0.000000000
3	0x5db80c	3672	4	8	1	0.000000220	0.000000220	0.000008350	0.000008350	0	0.000000000	0.000000000	0.000000000	0.000000000	0	0.000000000	0.000000000	0.000000000	0.000000000
3	0x5de5b4	1887	3	1	1	0.000002650	0.000002650	0.000003150	0.000003150	0	0.000000000	0.000000000	0.000000000	0.000000000	0	0.000000000	0.000000000	0.000000000	0.000000000
3	0x5db80c	10404	4	8	9	0.000007650	0.000003860	0.000255651	0.000096420	56	0.000017830	0.000000690	0.002897292	0.000658740	28	0.000008290	0.000000610	0.000589330	0.000025930
3	0x5e6832	222	3	1	98	0.000011170	0.000001920	0.000113880	0.000009240	3912	0.000312550	0.000008080	0.004181545	0.000012100	1339	0.000100190	0.000000920	0.001440415	0.000009160
1	0x5de640	1887	1	1	1	0.000002720	0.000002720	0.000003190	0.000003190	0	0.000000000	0.000000000	0.000000000	0.000000000	0	0.000000000	0.000000000	0.000000000	0.000000000
1	0x5e4722	324	2	8	5	0.000001170	0.000000380	0.000001310	0.000000530	130	0.000032880	0.000000940	0.000034450	0.000000710	45	0.000011290	0.000000640	0.000011830	0.000000550
3	0x62abd9	128316	1	-1	1	0.000000420	0.000000420	0.000657641	0.000657641	0	0.000000000	0.000000000	0.000000000	0.000000000	0	0.000000000	0.000000000	0.000000000	0.000000000
4	0x5e37df	1	-1	-1	1120	0.000454091	0.000340331	0.006457839	0.000913812	25883	0.002223600	0.000065840	0.274087471	0.024584915	9496	0.000795809	0.000007190	0.089834751	0.012646139
4	0x5e565b	1	-1	-1	1120	0.000337750	0.000222580	0.003778505	0.000820971	25883	0.002516766	0.000006850	0.039721557	0.002677864	9496	0.000913621	0.000000990	0.014353654	0.000516471
1	0x5de640	14805	1	1	1	0.000000560	0.000000560	0.000000190	0.000000190	8	0.000003450	0.000000770	0.000001540	0.000000230	4	0.000001871	0.000000641	0.000001180	0.000000610
4	0x649557	1	-1	-1	2	0.000230360	0.000147410	0.000000740	0.000000460	51	0.005175187	0.000177920	0.000013211	0.000000680	20	0.002305814	0.000186391	0.000005120	0.000000580
1	0x62806d	187272	2	8	2	0.000017500	0.000016260	0.000000980	0.000000570	43	0.000059790	0.000013130	0.000017250	0.000000810	15	0.000013780	0.000001770	0.000006550	0.000000850
3	0x5db855	1836	2	-8	1	0.000000390	0.000000390	0.001794792	0.001794792	0	0.000000000	0.000000000	0.000000000	0.000000000	0	0.000000000	0.000000000	0.000000000	0.000000000
1	0x5d795f	10710	4	-8	1	0.000032810	0.000032810	0.000048030	0.000048030	8	0.000290880	0.000059200	0.000010070	0.000007460	4	0.000140780	0.000037040	0.000001450	0.000000490
1	0x5de640	7770	1	1	1	0.000000500	0.000000500	0.000000170	0.000000170	44	0.000027440	0.000005630	0.000009050	0.000000480	15	0.000008320	0.000001080	0.000003380	0.000000600
3	0x5de5fa	3885	1	-1	17	0.000005850	0.000001150	0.000676341	0.000188790	217	0.000046790	0.000001100	0.005391995	0.000063890	78	0.000014810	0.000000700	0.002136037	0.000081350
3	0x5e46a2	222	4	8	85	0.000009970	0.000000350	0.000064990	0.000001200	3740	0.000423580	0.000006390	0.002952153	0.000008800	1275	0.000147500	0.000000630	0.001001510	0.000007790
1	0x5dfbdb	444	3	-1	98	0.006355639	0.004430416	0.000016370	0.000001800	3871	0.163601769	0.004567717	0.000611371	0.000003180	1320	0.055594761	0.002849164	0.000207950	0.000002290
3	0x62ab93	192474	3	1	2	0.000003110	0.000002710	0.000859381	0.000450421	43	0.000028610	0.000004630	0.019929101	0.000601431	15	0.000008190	0.000000930	0.006728937	0.000469491
1	0x5e4722	612	2	8	96	0.000013790	0.000005350	0.000019630	0.000002030	712	0.000054980	0.000001030	0.000113900	0.000002020	356	0.000028920	0.000001220	0.000049910	0.000001290
3	0x5de5b4	9588	3	1	9	0.000005930	0.000003560	0.001895422	0.001107312	56	0.000022390	0.000001510	0.001812054	0.000238080	28	0.000011920	0.000001660	0.000805272	0.000088620
3	0x5e46a2	432	4	8	98	0.000010680	0.000002140	0.000165191	0.000007940	3871	0.000275380	0.000000900	0.005757387	0.000010740	1320	0.000093580	0.000000590	0.001920503	0.000002820
3	0x5e46e2	612	2	-8	96	0.000011240	0.000003240	0.000065840	0.000002860	712	0.000052560	0.000000800	0.000421850	0.000007200	356	0.000027140	0.000000820	0.000206430	0.000001750
1	0x5e68b2	333	1	1	5	0.000000870	0.000000270	0.000001030	0.000000650	130	0.000033590	0.000001730	0.000016270	0.000000670	45	0.000011000	0.000000640	0.000005680	0.000000740
3	0x5e6875	564	1	-1	96	0.000012080	0.000002670	0.000187770	0.000010850	712	0.000053830	0.000001150	0.001049262	0.000009160	356	0.000027990	0.000001690	0.000467461	0.000002470
6	0x56074e	13608	-1	-1	12	0.001249651	0.000429860	0.009455995	0.001179082	48	0.001822173	0.000077070	0.011211495	0.000933681	24	0.000996262	0.000074710	0.003949505	0.000347180
3	0x5db855	5202	2	-8	1	0.000002020	0.000002020	0.000150901	0.000150901	0	0.000000000	0.000000000	0.000000000	0.000000000	0	0.000000000	0.000000000	0.000000000	0.000000000
1	0x5dfbdb	111	3	-1	290	0.092398192	0.053946598	0.000041620	0.000001680	10230	0.178563437	0.017029264	0.001350402	0.000007480	3517	0.084729096	0.017583595	0.000461760	0.000005990
1	0x5db89e	14688	2	8	4	0.000000840	0.000000310	0.000002220	0.000000790	87	0.000017390	0.000000630	0.000060720	0.000001250	30	0.000005050	0.000000310	0.000021530	0.000001150
3	0x5de5b4	4935	3	1	14	0.000009710	0.000003840	0.003014324	0.001970943	48	0.000014980	0.000001180	0.002918087	0.000857182	24	0.000009170	0.000001360	0.000818191	0.000291050
4	0x6280fb	1	-1	-1	11	0.004186695	0.001378872	0.000005320	0.000001860	220	0.051973785	0.000931891	0.000068620	0.000014720	86	0.019995042	0.001106581	0.000020860	0.000001300
6	0x55fc42	156604	-1	-1	1	0.000043150	0.000043150	0.003677925	0.003677925	0	0.000000000	0.000000000	0.000000000	0.000000000	0	0.000000000	0.000000000	0.000000000	0.000000000
3	0x627fc6	187272	4	8	2	0.000002380	0.000001520	0.001104181	0.000689851	43	0.000039330	0.000005630	0.032393035	0.001212752	15	0.000010770	0.000001190	0.010798914	0.001033452
3	0x627fc6	62424	4	8	2	0.000012170	0.000011590	0.000187581	0.000099601	43	0.000025760	0.000001830	0.009912843	0.002777834	15	0.000008050	0.000001390	0.001495573	0.000113140
3	0x5db80c	11340	4	8	1	0.000000200	0.000000200	0.000025010	0.000025010	43	0.000014030	0.000001540	0.005880178	0.004372316	16	0.000004270	0.000000490	0.002588893	0.002255693
6	0x560e5b	2256	-1	-1	2	0.000003750	0.000003530	0.000703241	0.000599411	0	0.000000000	0.000000000	0.000000000	0.000000000	0	0.000000000	0.000000000	0.000000000	0.000000000
1	0x5e4722	432	2	8	98	0.000010350	0.000001900	0.000014780	0.000001090	3871	0.000286081	0.000005520	0.000544090	0.000006420	1320	0.000095060	0.000000770	0.000194730	0.000001370
3	0x62ab93	9870	3	1	1	0.000002810	0.000002810	0.000064120	0.000064120	8	0.000003790	0.000001220	0.013138659	0.012908978	4	0.000002070	0.000001400	0.000450691	0.000373281
1	0x5e1aea	612	4	-8	96	0.000144840	0.000004940	0.000026050	0.000001940	712	0.000954690	0.000007860	0.000216150	0.000001210	356	0.000486922	0.000004230	0.000090350	0.000002130
1	0x5de640	7548	1	1	12	0.000009800	0.000004340	0.000001260	0.000000190	173	0.000067580	0.000001960	0.000018020	0.000000380	63	0.000022300	0.000000820	0.000007020	0.000000720
1	0x5e68b2	288	1	1	85	0.000008110	0.000002640	0.000008070	0.000000620	680	0.000045940	0.000001140	0.000060680	0.000000620	340	0.000023540	0.000001230	0.000032380	0.000001460
1	0x5e68b2	141	1	1	268	0.000027590	0.000006640	0.000026800	0.000000450	1888	0.000136380	0.000005980	0.000189390	0.000005990	944	0.000064150	0.000001100	0.000090780	0.000000560
1	0x5d4bb5	7548	3	-1	12	0.007813609	0.002031592	0.000005660	0.000001050	173	0.140926525	0.002027813	0.000068290	0.000001280	63	0.052094623	0.002011083	0.000024980	0.000001160
1	0x5d4bb5	2397	3	-1	1	0.000010210	0.000010210	0.000000180	0.000000180	0	0.000000000	0.000000000	0.000000000	0.000000000	0	0.000000000	0.000000000	0.000000000	0.000000000
3	0x5de5b4	4794	3	1	1	0.000002180	0.000002180	0.000011650	0.000011650	0	0.000000000	0.000000000	0.000000000	0.000000000	0	0.000000000	0.000000000	0.000000000	0.000000000
3	0x5db855	10710	2	-8	1	0.000004380	0.000004380	0.000049690	0.000049690	8	0.000002430	0.000000600	0.010865595	0.005718928	4	0.000001130	0.000000310	0.002175753	0.000698821
3	0x62abd9	7770	1	-1	1	0.000012140	0.000012140	0.000037950	0.000037950	43	0.000016640	0.000001030	0.001672671	0.000551731	16	0.000005790	0.000000660	0.001039733	0.000638091
3	0x62abd9	9870	1	-1	1	0.000000230	0.000000230	0.000015700	0.000015700	8	0.000003180	0.000000690	0.000243830	0.000048720	4	0.000001610	0.000000540	0.000093780	0.000032220
1	0x5d795f	16065	4	-8	1	0.000056181	0.000056181	0.000000340	0.000000340	8	0.000491680	0.000101230	0.000019150	0.000009580	4	0.000222930	0.000058090	0.000001430	0.000000430
1	0x64a20d	55080	2	8	1	0.000000210	0.000000210	0.000000210	0.000000210	43	0.000014870	0.000000610	0.000015740	0.000001800	16	0.000005980	0.000000660	0.000002800	0.000000610
1	0x5e4722	306	2	8	94	0.000010890	0.000002200	0.000024400	0.000000700	712	0.000053710	0.000001080	0.000158800	0.000000950	356	0.000027301	0.000001210	0.000079510	0.000000970
6	0x55fc42	153408	-1	-1	1	0.000043320	0.000043320	0.003753125	0.003753125	0	0.000000000	0.000000000	0.000000000	0.000000000	0	0.000000000	0.000000000	0.000000000	0.000000000
1	0x5d795f	1836	4	-8	1	0.000006100	0.000006100	0.000000150	0.000000150	0	0.000000000	0.000000000	0.000000000	0.000000000	0	0.000000000	0.000000000	0.000000000	0.000000000
3	0x64b0a7	71910	1	-1	1	0.000000370	0.000000370	0.000164301	0.000164301	8	0.000003450	0.000000920	0.001668720	0.000474190	4	0.000002090	0.000000840	0.000613480	0.000215250
6	0x560ac0	2303	-1	-1	0	0.000000000	0.000000000	0.000000000	0.000000000	8	0.001099272	0.000237881	0.007069861	0.001180722	4	0.000579591	0.000157100	0.003286594	0.000905631
1	0x5d4bb5	1887	3	-1	1	0.000006440	0.000006440	0.000000180	0.000000180	0	0.000000000	0.000000000	0.000000000	0.000000000	0	0.000000000	0.000000000	0.000000000	0.000000000
4	0x5db911	1	-1	-1	66	0.001028052	0.000305350	0.000007940	0.000000360	692	0.008681134	0.000051900	0.000084320	0.000000570	266	0.003348134	0.000050280	0.000031920	0.000000450
4	0x5e2aee	1	-1	-1	1120	0.000256580	0.000004800	0.002014023	0.000243441	25883	0.005245849	0.000009250	0.004146388	0.000575660	9496	0.001942114	0.000010570	0.001659103	0.000711301
3	0x5de5fa	7548	1	-1	12	0.000004560	0.000001980	0.000528552	0.000198591	173	0.000041390	0.000000910	0.005913171	0.000328520	63	0.000015120	0.000000680	0.002079091	0.000073760
1	0x621701	64158	3	-1	2	0.023387164	0.012009947	0.000004530	0.000002510	43	0.505863770	0.014674441	0.000095680	0.000005030	15	0.173404347	0.011660217	0.000035020	0.000003310
3	0x5e46e2	306	2	-8	94	0.000009780	0.000001810	0.000049630	0.000001990	712	0.000056870	0.000000530	0.000334990	0.000002010	356	0.000027730	0.000000450	0.000167700	0.000001110
6	0x55fc42	313208	-1	-1	1	0.002132473	0.002132473	0.005444928	0.005444928	0	0.000000000	0.000000000	0.000000000	0.000000000	0	0.000000000	0.000000000	0.000000000	0.000000000
1	0x5de640	19176	1	1	2	0.000007670	0.000007090	0.000000280	0.000000180	8	0.000011680	0.000007730	0.000002330	0.000000610	4	0.000011040	0.000009470	0.000001320	0.000000510
3	0x628017	187272	2	-8	2	0.000003410	0.000002470	0.002347134	0.001416762	43	0.000028140	0.000001860	0.045598337	0.002487484	15	0.000008930	0.000000990	0.016459406	0.001262192
4	0x649b35	1	-1	-1	2	0.000002160	0.000001710	0.000943652	0.000683651	51	0.000026450	0.000001760	0.010473226	0.002311763	20	0.000009210	0.000000700	0.000928102	0.000216380
3	0x5de5b4	15096	3	1	4	0.000025510	0.000024260	0.000145510	0.000054310	87	0.000040950	0.000001580	0.003410533	0.000076160	30	0.000012690	0.000000930	0.001057162	0.000060541
1	0x5db89e	20808	2	8	2	0.000003080	0.000002910	0.000000340	0.000000230	8	0.000003070	0.000001720	0.000001650	0.000000440	4	0.000002680	0.000001680	0.000000800	0.000000260
1	0x5dfbdb	423	3	-1	1	0.000006220	0.000006220	0.000000110	0.000000110	8	0.000049740	0.000006370	0.000000970	0.000000140	4	0.000024830	0.000006450	0.000000500	0.000000140
4	0x626bdf	1	-1	-1	11	0.000046560	0.000022100	0.004764266	0.002224803	220	0.000121550	0.000004200	0.085594773	0.011761317	86	0.000045040	0.000002260	0.012227966	0.001561732
3	0x5de5fa	9870	1	-1	1	0.000000230	0.000000230	0.000036670	0.000036670	8	0.000002070	0.000000330	0.000340191	0.000062170	4	0.000001210	0.000000400	0.000465731	0.000334510
1	0x5dfbdb	333	3	-1	5	0.000397921	0.000363321	0.000001300	0.000000390	130	0.001328713	0.000036300	0.000022200	0.000000710	45	0.000485231	0.000034060	0.000006920	0.000000440
6	0x501314	1	-1	-1	48	0.003719195	0.002455824	0.003431143	0.001422862	0	0.000000000	0.000000000	0.000000000	0.000000000	413	0.000550511	0.000461721	0.005964988	0.002326143
1	0x5db89e	3672	2	8	1	0.000001990	0.000001990	0.000000610	0.000000610	0	0.000000000	0.000000000	0.000000000	0.000000000	0	0.000000000	0.000000000	0.000000000	0.000000000
1	0x5de640	15096	1	1	4	0.000001300	0.000000490	0.000001030	0.000000430	87	0.000035131	0.000001130	0.000023310	0.000001290	30	0.000012970	0.000000980	0.000006600	0.000000650
1	0x5d4bb5	3774	3	-1	1	0.000020860	0.000020860	0.000000480	0.000000480	0	0.000000000	0.000000000	0.000000000	0.000000000	0	0.000000000	0.000000000	0.000000000	0.000000000
3	0x5de5b4	7770	3	1	1	0.000003260	0.000003260	0.000021150	0.000021150	44	0.000012690	0.000001440	0.014185571	0.002573464	15	0.000003810	0.000000490	0.000342240	0.000061680
3	0x64b061	56610	3	1	1	0.000000440	0.000000440	0.000066670	0.000066670	43	0.000022500	0.000002980	0.007929262	0.001551812	16	0.000008990	0.000000920	0.000999770	0.000086480
1	0x5db89e	10404	2	8	9	0.000002970	0.000001200	0.000003030	0.000000980	56	0.000017350	0.000001550	0.000020641	0.000001010	28	0.000008750	0.000001300	0.000008070	0.000000880
6	0x5611e2	361	-1	-1	8	0.000297560	0.000277210	0.000423501	0.000194811	64	0.000061480	0.000002720	0.002226176	0.000067460	32	0.000031230	0.000003660	0.001134830	0.000061200
3	0x628017	88434	2	-8	1	0.000002830	0.000002830	0.008803383	0.008803383	32	0.000018620	0.000003420	0.025660293	0.003632115	16	0.000010910	0.000004290	0.010569378	0.001600553
1	0x5de640	9870	1	1	1	0.000000410	0.000000410	0.000000200	0.000000200	8	0.000009760	0.000006460	0.000001480	0.000000220	4	0.000008210	0.000007140	0.000000710	0.000000190
4	0x64a937	1	-1	-1	2	0.000018540	0.000018270	0.000001180	0.000000800	51	0.000030110	0.000003400	0.000299112	0.000142961	20	0.000011150	0.000002030	0.000008720	0.000000820
1	0x5e1aea	153	4	-8	268	0.000540101	0.000443831	0.000040400	0.000000800	1888	0.000630951	0.000007440	0.000215850	0.000001270	944	0.000305220	0.000002450	0.000108251	0.000000950
3	0x62ab93	9588	3	1	1	0.000000590	0.000000590	0.000029120	0.000029120	8	0.000005080	0.000000790	0.001881074	0.001343822	4	0.000002580	0.000000860	0.000232210	0.000115420
3	0x62ab93	7770	3	1	1	0.000003300	0.000003300	0.000019880	0.000019880	43	0.000021460	0.000001600	0.027952649	0.006553719	16	0.000007440	0.000000700	0.000291902	0.000034790
3	0x5e46a2	306	4	8	94	0.000009260	0.000001720	0.000090990	0.000004720	712	0.000052820	0.000000900	0.000631190	0.000001850	356	0.000026410	0.000000710	0.000313600	0.000001970
6	0x55f823	76636	-1	-1	1	0.000457971	0.000457971	0.001609682	0.001609682	0	0.000000000	0.000000000	0.000000000	0.000000000	0	0.000000000	0.000000000	0.000000000	0.000000000
1	0x5d795f	10404	4	-8	9	0.000317681	0.000040700	0.000010830	0.000008080	56	0.002233093	0.000061510	0.000050750	0.000009080	28	0.001116682	0.000058490	0.000028460	0.000007710
6	0x55f823	115906	-1	-1	1	0.000423330	0.000423330	0.002198624	0.002198624	0	0.000000000	0.000000000	0.000000000	0.000000000	0	0.000000000	0.000000000	0.000000000	0.000000000
3	0x628017	62424	2	-8	2	0.000001000	0.000000690	0.001015311	0.000588671	43	0.000020520	0.000001270	0.015417407	0.002252483	15	0.000007220	0.000000860	0.006768370	0.001257622
3	0x5de5fa	19176	1	-1	2	0.000000770	0.000000520	0.000139950	0.000101140	8	0.000005190	0.000001320	0.000861572	0.000215811	4	0.000002820	0.000001420	0.000461221	0.000136490
3	0x628017	10710	2	-8	1	0.000003610	0.000003610	0.000162081	0.000162081	8	0.000004910	0.000001950	0.001231542	0.000900222	4	0.000002610	0.000001750	0.000516681	0.000261060
3	0x5de5fa	3774	1	-1	1	0.000003290	0.000003290	0.000010951	0.000010951	0	0.000000000	0.000000000	0.000000000	0.000000000	0	0.000000000	0.000000000	0.000000000	0.000000000
4	0x6258c2	1	-1	-1	11	0.002218775	0.000553741	0.000003780	0.000000770	220	0.037552871	0.000653241	0.000063250	0.000001170	86	0.013978063	0.000551021	0.000021860	0.000000980
3	0x628017	124848	2	-8	1	0.000000380	0.000000380	0.000410891	0.000410891	0	0.000000000	0.000000000	0.000000000	0.000000000	0	0.000000000	0.000000000	0.000000000	0.000000000
1	0x62420d	187272	4	-8	2	0.004106706	0.002200214	0.000005880	0.000003610	43	0.079033730	0.002788114	0.000113060	0.000003970	15	0.026888567	0.002055653	0.000038520	0.000003910
3	0x628017	10404	2	-8	1	0.000003590	0.000003590	0.000150480	0.000150480	8	0.000016540	0.000014110	0.001915163	0.000482741	4	0.000012800	0.000011600	0.001790002	0.000504351
3	0x5e46a2	459	4	8	1	0.000003020	0.000003020	0.000001450	0.000001450	8	0.000002710	0.000001060	0.000011810	0.000001700	4	0.000001720	0.000000970	0.000005920	0.000001560
1	0x62420d	88434	4	-8	1	0.000605321	0.000605321	0.000002370	0.000002370	32	0.021805581	0.000758841	0.000047970	0.000003330	16	0.010693286	0.000725871	0.000023670	0.000003570
3	0x628017	7344	2	-8	1	0.000000110	0.000000110	0.000150660	0.000150660	43	0.000012980	0.000000670	0.004657404	0.001456992	16	0.000004530	0.000000560	0.001598405	0.000482571
6	0x560e5b	16796	-1	-1	1	0.011426616	0.011426616	0.002829884	0.002829884	43	0.501146348	0.018035516	0.178903858	0.013186619	16	0.184259982	0.011761047	0.011640589	0.001284272
1	0x5e1aea	216	4	-8	98	0.000059411	0.000001300	0.000015810	0.000001080	3912	0.002289333	0.000007630	0.000590182	0.000000960	1339	0.000796603	0.000002380	0.000199280	0.000001130
1	0x5e68b2	282	1	1	94	0.000013990	0.000002680	0.000010850	0.000001060	712	0.000061980	0.000003010	0.000072071	0.000000990	356	0.000038000	0.000008410	0.000037480	0.000001410
1	0x5de640	4935	1	1	14	0.000015850	0.000006870	0.000005200	0.000002650	48	0.000017570	0.000003530	0.000006080	0.000000350	24	0.000009940	0.000002650	0.000005150	0.000002370
3	0x5db80c	3780	4	8	17	0.000003410	0.000001310	0.000323240	0.000142370	217	0.000026950	0.000000560	0.002172052	0.000024060	78	0.000008860	0.000000300	0.000764770	0.000016990
3	0x64a17b	55080	4	8	1	0.000005640	0.000005640	0.000047080	0.000047080	43	0.000023210	0.000001770	0.002058864	0.000056881	16	0.000007390	0.000000620	0.000783603	0.000055900
1	0x5d795f	2601	4	-8	1	0.000006590	0.000006590	0.000000160	0.000000160	0	0.000000000	0.000000000	0.000000000	0.000000000	0	0.000000000	0.000000000	0.000000000	0.000000000
6	0x55fc42	306544	-1	-1	1	0.002327333	0.002327333	0.005300048	0.005300048	0	0.000000000	0.000000000	0.000000000	0.000000000	0	0.000000000	0.000000000	0.000000000	0.000000000
6	0x55f823	115668	-1	-1	2	0.000764971	0.000389230	0.004385156	0.002228543	0	0.000000000	0.000000000	0.000000000	0.000000000	0	0.000000000	0.000000000	0.000000000	0.000000000
1	0x5e68b2	423	1	1	1	0.000000360	0.000000360	0.000000080	0.000000080	8	0.000001520	0.000000250	0.000000660	0.000000090	4	0.000000800	0.000000240	0.000000320	0.000000080
3	0x62ab93	7548	3	1	1	0.000003350	0.000003350	0.000024460	0.000024460	43	0.000026370	0.000003520	0.001163031	0.000117210	16	0.000007730	0.000000740	0.000385710	0.000037090
1	0x5e1aea	432	4	-8	98	0.000109270	0.000003200	0.000012120	0.000000600	3871	0.004040366	0.000013850	0.000500421	0.000013450	1320	0.001323330	0.000004500	0.000160160	0.000000980
3	0x627fc6	10710	4	8	1	0.000002860	0.000002860	0.000019030	0.000019030	8	0.000003930	0.000001170	0.000198691	0.000057190	4	0.000002460	0.000001150	0.000078640	0.000020360
1	0x648ea1	78030	4	-8	1	0.000337700	0.000337700	0.000001060	0.000001060	8	0.002617034	0.000373531	0.000008680	0.000001540	4	0.001271852	0.000328540	0.000003410	0.000000960
3	0x5de5fa	4935	1	-1	14	0.000007510	0.000001750	0.000694400	0.000372870	48	0.000015290	0.000000810	0.001277022	0.000187580	24	0.000008890	0.000001200	0.000672651	0.000097140
3	0x627fc6	124848	4	8	1	0.000000600	0.000000600	0.000226630	0.000226630	0	0.000000000	0.000000000	0.000000000	0.000000000	0	0.000000000	0.000000000	0.000000000	0.000000000
1	0x5e4722	222	2	8	85	0.000005540	0.000000260	0.000011190	0.000000690	3740	0.000246520	0.000000860	0.000466811	0.000001060	1275	0.000083380	0.000000480	0.000169250	0.000000820
1	0x5e1aea	459	4	-8	1	0.000001260	0.000001260	0.000000150	0.000000150	8	0.000009060	0.000001260	0.000000970	0.000000170	4	0.000004360	0.000001230	0.000000480	0.000000150
1	0x62ac22	7770	1	1	1	0.000004800	0.000004800	0.000000160	0.000000160	43	0.000015470	0.000001990	0.000011490	0.000001530	16	0.000004650	0.000000540	0.000003740	0.000000970
4	0x64a246	1	-1	-1	2	0.000280150	0.000175160	0.000000330	0.000000190	51	0.006129620	0.000244360	0.000008820	0.000000320	20	0.002440566	0.000190920	0.000003760	0.000000470
3	0x5de5fa	4794	1	-1	1	0.000008420	0.000008420	0.000020270	0.000020270	0	0.000000000	0.000000000	0.000000000	0.000000000	0	0.000000000	0.000000000	0.000000000	0.000000000
6	0x5611e2	329	-1	-1	4	0.004237125	0.001779972	0.001731313	0.001356232	32	0.021352419	0.002256873	0.004208375	0.000841941	16	0.010528144	0.002075133	0.001726364	0.000225310
1	0x62420d	124848	4	-8	1	0.001160371	0.001160371	0.000000910	0.000000910	0	0.000000000	0.000000000	0.000000000	0.000000000	0	0.000000000	0.000000000	0.000000000	0.000000000
3	0x64b0a7	56610	1	-1	1	0.000000500	0.000000500	0.000116830	0.000116830	43	0.000019590	0.000000990	0.009265606	0.001501592	16	0.000007320	0.000000720	0.002190125	0.000165580
3	0x5de5fa	7770	1	-1	1	0.000017120	0.000017120	0.000280891	0.000280891	44	0.000020081	0.000006301	0.002402695	0.000344371	15	0.000004430	0.000000430	0.001809552	0.000961511
6	0x55b984	7	-1	-1	2	0.000000890	0.000000480	0.000134410	0.000107420	0	0.000000000	0.000000000	0.000000000	0.000000000	1	0.000000450	0.000000450	0.000025550	0.000025550
1	0x5d4bb5	7770	3	-1	1	0.008132741	0.008132741	0.000003490	0.000003490	44	0.357783298	0.010664866	0.000069300	0.000003000	15	0.118936669	0.008017831	0.000022530	0.000002390
3	0x5e46e2	216	2	-8	98	0.000009650	0.000002050	0.000067280	0.000001280	3912	0.000260641	0.000000740	0.002706734	0.000009420	1339	0.000097140	0.000007140	0.000920772	0.000002600
1	0x5de640	3774	1	1	1	0.000004290	0.000004290	0.000001460	0.000001460	0	0.000000000	0.000000000	0.000000000	0.000000000	0	0.000000000	0.000000000	0.000000000	0.000000000
3	0x64b061	71910	3	1	1	0.000004890	0.000004890	0.000062220	0.000062220	8	0.000005670	0.000002210	0.001516135	0.001070982	4	0.000005820	0.000004390	0.000338041	0.000125261
6	0x560e5b	3402	-1	-1	4	0.000509621	0.000487441	0.002103602	0.001210022	0	0.000000000	0.000000000	0.000000000	0.000000000	0	0.000000000	0.000000000	0.000000000	0.000000000
3	0x62abd9	192474	1	-1	2	0.000000790	0.000000580	0.000957742	0.000507321	43	0.000020890	0.000001010	0.023727075	0.001878282	15	0.000006130	0.000000980	0.009078395	0.002143903
3	0x5db855	5355	2	-8	14	0.000007440	0.000001910	0.021974682	0.019312858	48	0.000013440	0.000000940	0.002205964	0.000283541	24	0.000009420	0.000001560	0.001423063	0.000235680
3	0x5db855	2601	2	-8	1	0.000001570	0.000001570	0.000299480	0.000299480	0	0.000000000	0.000000000	0.000000000	0.000000000	0	0.000000000	0.000000000	0.000000000	0.000000000
1	0x5d4bb5	9870	3	-1	1	0.019757318	0.019757318	0.000002620	0.000002620	8	0.120161892	0.015953073	0.000015930	0.000002670	4	0.059251695	0.014870952	0.000008230	0.000003060
6	0x55fc42	462672	-1	-1	2	0.004738627	0.002607684	0.014852691	0.007988771	0	0.000000000	0.000000000	0.000000000	0.000000000	0	0.000000000	0.000000000	0.000000000	0.000000000
3	0x5e46e2	108	2	-8	290	0.000018090	0.000000270	0.000099640	0.000006150	10230	0.000600941	0.000000490	0.003518735	0.000007910	3517	0.000206230	0.000000210	0.001158112	0.000007250
3	0x64a17b	78030	4	8	1	0.000000420	0.000000420	0.000062310	0.000062310	8	0.000004400	0.000000720	0.000559521	0.000096360	4	0.000001950	0.000000520	0.000300691	0.000088290
3	0x5e46e2	324	2	-8	5	0.000000680	0.000000190	0.000002460	0.000000680	130	0.000023600	0.000000770	0.000072660	0.000013260	45	0.000016530	0.000008990	0.000021090	0.000000840
6	0x55f823	76704	-1	-1	1	0.000291041	0.000291041	0.001341802	0.001341802	0	0.000000000	0.000000000	0.000000000	0.000000000	0	0.000000000	0.000000000	0.000000000	0.000000000
3	0x5de5b4	9870	3	1	1	0.000000350	0.000000350	0.005018197	0.005018197	8	0.000002640	0.000000430	0.008413741	0.004463596	4	0.000001280	0.000000370	0.000467380	0.000336630
3	0x5e6875	282	1	-1	94	0.000010010	0.000001640	0.000103380	0.000010040	712	0.000054920	0.000000950	0.000542140	0.000007630	356	0.000027820	0.000000880	0.000264960	0.000002760
1	0x5d4bb5	15096	3	-1	4	0.003130885	0.001463502	0.000005840	0.000003120	87	0.088527266	0.001490902	0.000103760	0.000002700	30	0.030437592	0.001474313	0.000043050	0.000007160
1	0x5d795f	14688	4	-8	4	0.000209750	0.000064260	0.000001150	0.000000380	87	0.004863957	0.000078070	0.000041040	0.000007400	30	0.001682913	0.000070820	0.000016690	0.000006040
3	0x5db80c	7344	4	8	12	0.000007480	0.000002550	0.000382240	0.000214120	173	0.000043290	0.000001020	0.004573548	0.000424490	63	0.000015540	0.000000680	0.001361031	0.000349150
4	0x5d90a3	1	-1	-1	66	0.000767122	0.000043390	0.000007650	0.000000410	692	0.009271642	0.000058910	0.000076350	0.000000700	266	0.003703784	0.000053980	0.000029110	0.000000480
6	0x55fc42	153272	-1	-1	1	0.000035040	0.000035040	0.003478755	0.003478755	0	0.000000000	0.000000000	0.000000000	0.000000000	0	0.000000000	0.000000000	0.000000000	0.000000000
6	0x560ac0	76704	-1	-1	0	0.000000000	0.000000000	0.000000000	0.000000000	8	0.002659364	0.000345041	0.007789660	0.001736842	4	0.001350103	0.000341821	0.002987894	0.000967791
1	0x621701	192474	3	-1	2	0.006077779	0.003403785	0.000002930	0.000001710	43	0.112389106	0.002939614	0.000091150	0.000004060	15	0.038953205	0.002653184	0.000032770	0.000003490
1	0x5de640	4794	1	1	1	0.000001120	0.000001120	0.000000090	0.000000090	0	0.000000000	0.000000000	0.000000000	0.000000000	0	0.000000000	0.000000000	0.000000000	0.000000000
1	0x5db89e	5202	2	8	1	0.000005520	0.000005520	0.000000690	0.000000690	0	0.000000000	0.000000000	0.000000000	0.000000000	0	0.000000000	0.000000000	0.000000000	0.000000000
1	0x62420d	7344	4	-8	1	0.000036810	0.000036810	0.000000410	0.000000410	43	0.001600873	0.000053530	0.000032980	0.000009080	16	0.000606660	0.000041100	0.000011490	0.000001450
3	0x5e6875	141	1	-1	268	0.000021290	0.000003270	0.000276511	0.000013040	1888	0.000124141	0.000000940	0.001216590	0.000019940	944	0.000061150	0.000000960	0.000581132	0.000002700
4	0x5da335	1	-1	-1	66	0.000068050	0.000018200	0.009045891	0.004430046	692	0.000213170	0.000002010	0.059857437	0.006750619	266	0.000082370	0.000001900	0.006564449	0.001476812
3	0x5e6832	564	3	1	96	0.000012400	0.000003790	0.000177120	0.000002240	712	0.000066340	0.000000590	0.001393043	0.000008560	356	0.000033750	0.000000950	0.000702241	0.000009040
1	0x62806d	176868	2	8	1	0.000000390	0.000000390	0.000000210	0.000000210	0	0.000000000	0.000000000	0.000000000	0.000000000	0	0.000000000	0.000000000	0.000000000	0.000000000
1	0x5e68b2	111	1	1	290	0.000030290	0.000009790	0.000032290	0.000005760	10230	0.000645691	0.000000880	0.000940222	0.000000620	3517	0.000221550	0.000001830	0.000317281	0.000000660
1	0x5d4bb5	9588	3	-1	9	0.027313791	0.017027355	0.000015020	0.000004580	56	0.067502642	0.003588665	0.000046810	0.000003070	28	0.033132987	0.003581285	0.000026050	0.000003700
1	0x5de640	11655	1	1	1	0.000011540	0.000011540	0.000000180	0.000000180	43	0.000031720	0.000005200	0.000011780	0.000000690	16	0.000007350	0.000000750	0.000005170	0.000000650
1	0x62806d	88434	2	8	1	0.000009480	0.000009480	0.000000570	0.000000570	32	0.000014810	0.000000930	0.000012300	0.000002530	16	0.000007420	0.000001130	0.000005230	0.000000600
1	0x5e68b2	444	1	1	98	0.000013870	0.000004530	0.000008570	0.000000180	3871	0.000294529	0.000005420	0.000353810	0.000001570	1320	0.000097151	0.000000930	0.000119220	0.000000770
3	0x5db855	7560	2	-8	1	0.000000330	0.000000330	0.000472540	0.000472540	44	0.000016200	0.000001120	0.031268030	0.004640556	15	0.000004790	0.000000580	0.007202244	0.000950842
1	0x5dfbdb	228	3	-1	85	0.000352501	0.000015800	0.000010630	0.000000430	3740	0.015725022	0.000027540	0.000459481	0.000000780	1275	0.005396059	0.000024990	0.000157420	0.000000870
1	0x5d4bb5	4794	3	-1	1	0.000035060	0.000035060	0.000000210	0.000000210	0	0.000000000	0.000000000	0.000000000	0.000000000	0	0.000000000	0.000000000	0.000000000	0.000000000
3	0x5de5fa	9588	1	-1	9	0.000005310	0.000001980	0.000706800	0.000188720	56	0.000019620	0.000001600	0.002990886	0.000328311	28	0.000012020	0.000002130	0.003258133	0.001493392
3	0x5e6832	444	3	1	98	0.000013280	0.000002560	0.000157971	0.000002790	3871	0.000384450	0.000000980	0.006399711	0.000015630	1320	0.000133730	0.000000990	0.002153633	0.000009230
1	0x5d795f	3672	4	-8	1	0.000010280	0.000010280	0.000000180	0.000000180	0	0.000000000	0.000000000	0.000000000	0.000000000	0	0.000000000	0.000000000	0.000000000	0.000000000
1	0x5dfbdb	222	3	-1	98	0.005431046	0.000125460	0.000019080	0.000000830	3912	0.226239617	0.000803241	0.000710450	0.000010260	1339	0.076078915	0.000098691	0.000240860	0.000000770
3	0x5de5fa	15096	1	-1	4	0.000001590	0.000000660	0.001707602	0.001145681	87	0.000043150	0.000002250	0.054338087	0.001504062	30	0.000013850	0.000000910	0.020389930	0.001547702
1	0x62806d	124848	2	8	1	0.000008860	0.000008860	0.000000240	0.000000240	0	0.000000000	0.000000000	0.000000000	0.000000000	0	0.000000000	0.000000000	0.000000000	0.000000000
1	0x62ac22	64158	1	1	2	0.000001240	0.000000820	0.000000550	0.000000290	43	0.000025620	0.000005480	0.000012050	0.000000540	15	0.000007190	0.000000810	0.000005070	0.000000920
1	0x62420d	7560	4	-8	1	0.000029020	0.000029020	0.000000260	0.000000260	43	0.001366881	0.000057690	0.000027340	0.000006810	16	0.000493912	0.000036480	0.000006590	0.000002960
3	0x5db80c	7560	4	8	1	0.000000680	0.000000680	0.000153191	0.000153191	44	0.000017890	0.000001310	0.002138053	0.000704381	15	0.000004490	0.000000390	0.000272170	0.000021080
1	0x5e4722	153	2	8	268	0.000020020	0.000002090	0.000044500	0.000000820	1888	0.000136340	0.000009540	0.000281190	0.000000960	944	0.000061700	0.000000470	0.000148690	0.000001230
1	0x621701	7548	3	-1	1	0.004264926	0.004264926	0.000002910	0.000002910	43	0.187003980	0.005895168	0.000119480	0.000006580	16	0.068264246	0.004330156	0.000043550	0.000003450
6	0x56074e	13636	-1	-1	4	0.001560412	0.001031272	0.006057238	0.002693254	16	0.001331960	0.000160850	0.009229065	0.001320032	8	0.000754401	0.000157860	0.004532367	0.001063322
6	0x55fc42	306816	-1	-1	1	0.001715082	0.001715082	0.005606058	0.005606058	0	0.000000000	0.000000000	0.000000000	0.000000000	0	0.000000000	0.000000000	0.000000000	0.000000000
6	0x560e5b	2254	-1	-1	2	0.000026890	0.000016450	0.000404762	0.000272281	0	0.000000000	0.000000000	0.000000000	0.000000000	0	0.000000000	0.000000000	0.000000000	0.000000000
1	0x5de640	9588	1	1	9	0.000006200	0.000002540	0.000002780	0.000001430	56	0.000020470	0.000001070	0.000009600	0.000000660	28	0.000011600	0.000001020	0.000005080	0.000000630
3	0x5e46e2	153	2	-8	268	0.000019960	0.000001630	0.000419640	0.000234670	1888	0.000126960	0.000000790	0.000953532	0.000006730	944	0.000062450	0.000000550	0.000468671	0.000006610
3	0x5e6875	333	1	-1	5	0.000000620	0.000000160	0.000004990	0.000001370	130	0.000020310	0.000000770	0.000134231	0.000001700	45	0.000006080	0.000000300	0.000052130	0.000002290
3	0x5e6832	333	3	1	5	0.000000900	0.000000320	0.000006020	0.000001550	130	0.000028470	0.000000940	0.000201890	0.000013190	45	0.000009720	0.000000930	0.000063500	0.000001970
3	0x5e6832	282	3	1	94	0.000010260	0.000001610	0.000106340	0.000002490	712	0.000055650	0.000000850	0.000811581	0.000008880	356	0.000028520	0.000000980	0.000401251	0.000001930
3	0x5e46a2	612	4	8	96	0.000009700	0.000001830	0.000225960	0.000011000	712	0.000049090	0.000000560	0.001304340	0.000011950	356	0.000025090	0.000000410	0.000644060	0.000002400
1	0x5e4722	216	2	8	98	0.000009990	0.000001920	0.000028090	0.000000840	3912	0.000271231	0.000000920	0.001145563	0.000001350	1339	0.000092551	0.000000620	0.000380279	0.000000900
1	0x64b0f0	56610	1	1	1	0.000002590	0.000002590	0.000000210	0.000000210	43	0.000026490	0.000005170	0.000016660	0.000003290	16	0.000007150	0.000000690	0.000003890	0.000000400
3	0x5db855	16065	2	-8	1	0.000000250	0.000000250	0.000064080	0.000064080	8	0.000012090	0.000010040	0.003252745	0.001608052	4	0.000001040	0.000000280	0.001106421	0.000860271
1	0x621701	81498	3	-1	1	0.023344823	0.023344823	0.000002800	0.000002800	32	0.233909755	0.026049747	0.000052060	0.000003620	16	0.116878097	0.025684507	0.000029700	0.000004420
1	0x5de640	2397	1	1	1	0.000004680	0.000004680	0.000001380	0.000001380	0	0.000000000	0.000000000	0.000000000	0.000000000	0	0.000000000	0.000000000	0.000000000	0.000000000
3	0x5e6875	222	1	-1	98	0.000010340	0.000002020	0.000075390	0.000003780	3912	0.000283250	0.000000790	0.002732171	0.000008490	1339	0.000097360	0.000000640	0.000931640	0.000002090
3	0x5de5fa	14805	1	-1	1	0.000020270	0.000020270	0.005864549	0.005864549	8	0.000002370	0.000000350	0.000599113	0.000111481	4	0.000001300	0.000000480	0.000424471	0.000242331
3	0x627fc6	176868	4	8	1	0.000010090	0.000010090	0.000654911	0.000654911	0	0.000000000	0.000000000	0.000000000	0.000000000	0	0.000000000	0.000000000	0.000000000	0.000000000
1	0x648ea1	55080	4	-8	1	0.000208470	0.000208470	0.000000450	0.000000450	43	0.008811881	0.000235300	0.000036080	0.000007810	16	0.003284793	0.000217460	0.000008700	0.000000820
1	0x5db89e	11340	2	8	1	0.000000300	0.000000300	0.000001440	0.000001440	43	0.000014800	0.000001530	0.000033350	0.000001270	16	0.000004460	0.000000440	0.000011820	0.000001130
1	0x5db89e	7560	2	8	1	0.000003460	0.000003460	0.000000670	0.000000670	44	0.000018690	0.000001560	0.000039500	0.000001770	15	0.000005000	0.000000560	0.000012810	0.000001100
6	0x560e5b	23460	-1	-1	1	0.021223600	0.021223600	0.009307013	0.009307013	8	0.146858429	0.019422158	0.091165351	0.019539148	4	0.073697016	0.018576817	0.011889777	0.003549455
1	0x5db89e	10710	2	8	1	0.000008790	0.000008790	0.000001090	0.000001090	8	0.000003950	0.000001990	0.000006700	0.000001020	4	0.000002930	0.000002100	0.000004070	0.000001380
1	0x5e1aea	324	4	-8	5	0.000005721	0.000001480	0.000002160	0.000001170	130	0.000150960	0.000002820	0.000021850	0.000000970	45	0.000053110	0.000002280	0.000008970	0.000000820
1	0x5db89e	16065	2	8	1	0.000007660	0.000007660	0.000000880	0.000000880	8	0.000008670	0.000006360	0.000005400	0.000001220	4	0.000006050	0.000005130	0.000004230	0.000001220
4	0x6295ce	1	-1	-1	11	0.000059270	0.000024320	0.000351940	0.000342350	220	0.000108670	0.000002250	0.011291468	0.002903094	86	0.000039710	0.000002920	0.000740141	0.000392711
3	0x5db80c	5355	4	8	14	0.000009710	0.000003760	0.002823463	0.002575923	48	0.000016290	0.000001290	0.000828604	0.000118231	24	0.000008090	0.000001210	0.000331910	0.000018580
1	0x62806d	62424	2	8	2	0.000007810	0.000007260	0.000005360	0.000003410	43	0.000029580	0.000006080	0.000090950	0.000004120	15	0.000006500	0.000000840	0.000038830	0.000004690
4	0x5e4798	1	-1	-1	1120	0.000686890	0.000353490	0.005359346	0.001693562	25883	0.007206770	0.000008820	0.080978302	0.004722307	9496	0.002658556	0.000008880	0.012017256	0.000990281
3	0x5db855	3780	2	-8	17	0.000004880	0.000000810	0.001303625	0.000277660	217	0.000048760	0.000000630	0.008156211	0.000765761	78	0.000018760	0.000000830	0.002044041	0.000122430
3	0x5db80c	14688	4	8	4	0.000003260	0.000002110	0.000107910	0.000032330	87	0.000027120	0.000001340	0.002481918	0.000036960	30	0.000008120	0.000000520	0.000879342	0.000040100
3	0x5e46e2	312	2	-8	85	0.000007520	0.000002300	0.000036290	0.000001790	680	0.000045730	0.000001020	0.000285510	0.000007900	340	0.000022880	0.000000960	0.000139001	0.000001210
3	0x5db80c	1836	4	8	1	0.000008030	0.000008030	0.000016980	0.000016980	0	0.000000000	0.000000000	0.000000000	0.000000000	0	0.000000000	0.000000000	0.000000000	0.000000000
1	0x621701	9870	3	-1	1	0.000073860	0.000073860	0.000000970	0.000000970	8	0.000974733	0.000148861	0.000003150	0.000000730	4	0.000421411	0.000124280	0.000001340	0.000000590
3	0x5db80c	5202	4	8	1	0.000003110	0.000003110	0.000010360	0.000010360	0	0.000000000	0.000000000	0.000000000	0.000000000	0	0.000000000	0.000000000	0.000000000	0.000000000
1	0x5d795f	5355	4	-8	14	0.000298160	0.000083860	0.000005780	0.000001450	48	0.000757721	0.000024230	0.000019390	0.000004460	24	0.000387990	0.000020040	0.000015390	0.000005810
3	0x5e46e2	459	2	-8	1	0.000000230	0.000000230	0.000000650	0.000000650	8	0.000002910	0.000000880	0.000003960	0.000000580	4	0.000002200	0.000000850	0.000002020	0.000000600
7	0x501541	0	-1	-1	2	0.153904510	0.151728817	0.001489332	0.000940941	0	0.000000000	0.000000000	0.000000000	0.000000000	1	0.003705956	0.003705956	0.000141290	0.000141290
1	0x5de640	3885	1	1	17	0.000010040	0.000004040	0.000002620	0.000000970	217	0.000060030	0.000002150	0.000025850	0.000003770	78	0.000021410	0.000000970	0.000007740	0.000000600
1	0x64a20d	78030	2	8	1	0.000000280	0.000000280	0.000002400	0.000002400	8	0.000003350	0.000000520	0.000003680	0.000001360	4	0.000001510	0.000000680	0.000001340	0.000000410
1	0x5db89e	5355	2	8	14	0.000007850	0.000002410	0.000004900	0.000001230	48	0.000016860	0.000001400	0.000018410	0.000000920	24	0.000010430	0.000001790	0.000011890	0.000000810
1	0x62806d	10710	2	8	1	0.000000250	0.000000250	0.000000520	0.000000520	8	0.000003010	0.000000540	0.000003360	0.000001460	4	0.000001270	0.000000470	0.000001660	0.000000540
3	0x5e6875	228	1	-1	85	0.000009080	0.000003850	0.000056200	0.000001990	3740	0.000246630	0.000001770	0.002455007	0.000009200	1275	0.000084330	0.000000970	0.000830070	0.000002250
3	0x5e6832	111	3	1	290	0.000026880	0.000002780	0.000295701	0.000001900	10230	0.000714762	0.000006450	0.010757501	0.000011140	3517	0.000238500	0.000000690	0.003728835	0.000019740
1	0x62420d	10710	4	-8	1	0.000036420	0.000036420	0.000000260	0.000000260	8	0.000393121	0.000085641	0.000011430	0.000003570	4	0.000145430	0.000037120	0.000000880	0.000000240
1	0x5e1aea	306	4	-8	94	0.000070710	0.000002090	0.000020260	0.000001260	712	0.000514121	0.000006640	0.000148370	0.000000950	356	0.000259972	0.000002700	0.000065580	0.000001040
3	0x62abd9	81498	1	-1	1	0.000000290	0.000000290	0.000184641	0.000184641	32	0.000017760	0.000006040	0.011055981	0.000528740	16	0.000014960	0.000008140	0.005949940	0.000547981
3	0x5de5b4	11655	3	1	1	0.000000520	0.000000520	0.000028320	0.000028320	43	0.000018220	0.000001130	0.008116791	0.006626280	16	0.000006460	0.000000600	0.000450861	0.000030210
1	0x62ac22	162996	1	1	1	0.000002530	0.000002530	0.000000200	0.000000200	0	0.000000000	0.000000000	0.000000000	0.000000000	0	0.000000000	0.000000000	0.000000000	0.000000000
3	0x5db855	10404	2	-8	9	0.000005830	0.000002680	0.030769764	0.028273870	56	0.000018520	0.000000790	0.005608839	0.001091012	28	0.000009090	0.000000860	0.002774183	0.000731761
1	0x5d795f	20808	4	-8	2	0.000142170	0.000074450	0.000000600	0.000000300	8	0.000696961	0.000100520	0.000003690	0.000000710	4	0.000328350	0.000092750	0.000002420	0.000000850
3	0x62ab93	162996	3	1	1	0.000000400	0.000000400	0.000681831	0.000681831	0	0.000000000	0.000000000	0.000000000	0.000000000	0	0.000000000	0.000000000	0.000000000	0.000000000
1	0x5e68b2	228	1	1	85	0.000005480	0.000000170	0.000007320	0.000000190	3740	0.000250390	0.000000740	0.000335050	0.000001590	1275	0.000084170	0.000000360	0.000115360	0.000000730
3	0x5de5b4	19176	3	1	2	0.000003810	0.000002810	0.000194630	0.000144220	8	0.000005130	0.000002200	0.000419052	0.000073480	4	0.000003810	0.000002610	0.000214550	0.000057640
1	0x5d795f	7560	4	-8	1	0.000027530	0.000027530	0.000000680	0.000000680	44	0.001144442	0.000034670	0.000041300	0.000007950	15	0.000392210	0.000029850	0.000014600	0.000007960
6	0x55f823	78302	-1	-1	1	0.000213640	0.000213640	0.003258005	0.003258005	0	0.000000000	0.000000000	0.000000000	0.000000000	0	0.000000000	0.000000000	0.000000000	0.000000000
1	0x5e4722	459	2	8	1	0.000002380	0.000002380	0.000000110	0.000000110	8	0.000002830	0.000001030	0.000001710	0.000000630	4	0.000001930	0.000001210	0.000001020	0.000000760
3	0x5db855	20808	2	-8	2	0.000002180	0.000001910	0.000309331	0.000202201	8	0.000001660	0.000000330	0.000736681	0.000237311	4	0.000000860	0.000000240	0.000639271	0.000406321
1	0x5d795f	11340	4	-8	1	0.000044680	0.000044680	0.000178910	0.000178910	43	0.001759992	0.000050120	0.000037050	0.000007880	16	0.000659911	0.000046421	0.000006140	0.000000600
1	0x5db89e	2601	2	8	1	0.000002740	0.000002740	0.000000100	0.000000100	0	0.000000000	0.000000000	0.000000000	0.000000000	0	0.000000000	0.000000000	0.000000000	0.000000000
1	0x5d795f	7344	4	-8	12	0.000285101	0.000027630	0.000006970	0.000003850	173	0.004445842	0.000040580	0.000049201	0.000003720	63	0.001574744	0.000033520	0.000020370	0.000005330
1	0x62ac22	9588	1	1	1	0.000000610	0.000000610	0.000000190	0.000000190	8	0.000006440	0.000001200	0.000003670	0.000000870	4	0.000002390	0.000000720	0.000001600	0.000000660
3	0x5e46e2	222	2	-8	85	0.000007590	0.000002510	0.000055660	0.000001710	3740	0.000242300	0.000001000	0.002466543	0.000008030	1275	0.000082160	0.000000630	0.000841800	0.000005650
1	0x64b0f0	71910	1	1	1	0.000008810	0.000008810	0.000000200	0.000000200	8	0.000008290	0.000004310	0.000001770	0.000000540	4	0.000002360	0.000000860	0.000013330	0.000012240
1	0x5dfbdb	564	3	-1	96	0.975165735	0.966018162	0.000019940	0.000001750	712	0.019773357	0.000055200	0.000125320	0.000006830	356	0.009744491	0.000046900	0.000059120	0.000001090
3	0x62ab93	128316	3	1	1	0.000004470	0.000004470	0.000278961	0.000278961	0	0.000000000	0.000000000	0.000000000	0.000000000	0	0.000000000	0.000000000	0.000000000	0.000000000
3	0x5e46a2	108	4	8	290	0.000050550	0.000001970	0.000264290	0.000005240	10230	0.001509861	0.000009910	0.008086169	0.000009370	3517	0.000557080	0.000000530	0.002764804	0.000009130
1	0x5db89e	3780	2	8	17	0.000006520	0.000002240	0.000005570	0.000000580	217	0.000053150	0.000001080	0.000093181	0.000010300	78	0.000018280	0.000000590	0.000039960	0.000009230
3	0x5de5b4	2397	3	1	1	0.000002210	0.000002210	0.000012680	0.000012680	0	0.000000000	0.000000000	0.000000000	0.000000000	0	0.000000000	0.000000000	0.000000000	0.000000000
3	0x628017	176868	2	-8	1	0.000014580	0.000014580	0.000454380	0.000454380	0	0.000000000	0.000000000	0.000000000	0.000000000	0	0.000000000	0.000000000	0.000000000	0.000000000
3	0x5e6832	423	3	1	1	0.000002160	0.000002160	0.000001590	0.000001590	8	0.000002760	0.000000890	0.000012810	0.000001770	4	0.000001820	0.000000940	0.000005380	0.000001590
1	0x62806d	10404	2	8	1	0.000000250	0.000000250	0.000000200	0.000000200	8	0.000003550	0.000000600	0.000003200	0.000000890	4	0.000002650	0.000001020	0.000001020	0.000000300
1	0x5e68b2	222	1	1	98	0.000011700	0.000001950	0.000009370	0.000000190	3912	0.000311311	0.000001300	0.000382361	0.000001600	1339	0.000104670	0.000000730	0.000130670	0.000001450
3	0x5e6875	423	1	-1	1	0.000007320	0.000007320	0.000001050	0.000001050	8	0.000004320	0.000002310	0.000008640	0.000001460	4	0.000002900	0.000002140	0.000003690	0.000001210
1	0x621701	128316	3	-1	1	0.005084367	0.005084367	0.000002150	0.000002150	0	0.000000000	0.000000000	0.000000000	0.000000000	0	0.000000000	0.000000000	0.000000000	0.000000000
3	0x5e6832	288	3	1	85	0.000005651	0.000000200	0.000094200	0.000001520	680	0.000047070	0.000000380	0.000768171	0.000007240	340	0.000023220	0.000000560	0.000377021	0.000001500
1	0x5d4bb5	3885	3	-1	17	0.888176840	0.805342412	0.000009150	0.000004240	217	0.040670284	0.000388840	0.000051330	0.000001010	78	0.014746519	0.000367140	0.000019370	0.000000720
3	0x627fc6	7344	4	8	1	0.000000290	0.000000290	0.000027011	0.000027011	43	0.000010910	0.000000600	0.004179125	0.001495862	16	0.000004690	0.000000630	0.000315470	0.000022600
3	0x5e46a2	324	4	8	5	0.000000740	0.000000290	0.000004960	0.000001160	130	0.000037800	0.000011430	0.000147511	0.000001570	45	0.000008300	0.000000440	0.000055090	0.000001740
3	0x5e46e2	432	2	-8	98	0.000010230	0.000001710	0.000055810	0.000002350	3871	0.000280791	0.000000820	0.002214492	0.000008420	1320	0.000093670	0.000000730	0.000750049	0.000008300
1	0x5e1aea	222	4	-8	85	0.000039570	0.000001350	0.000008480	0.000000450	3740	0.001730374	0.000009430	0.000377990	0.000007780	1275	0.000593321	0.000007440	0.000126500	0.000000630
3	0x5db855	14688	2	-8	4	0.000001180	0.000000360	0.001042202	0.000562211	87	0.000026230	0.000001140	0.018245402	0.000729481	30	0.000009800	0.000000920	0.006110348	0.000688081
3	0x5de5fa	2397	1	-1	1	0.000002341	0.000002341	0.000016400	0.000016400	0	0.000000000	0.000000000	0.000000000	0.000000000	0	0.000000000	0.000000000	0.000000000	0.000000000
1	0x5d4bb5	4935	3	-1	14	3.001890576	2.831319550	0.000018770	0.000008210	48	0.015606712	0.000891782	0.000020730	0.000001570	24	0.007937630	0.000856751	0.000009420	0.000001080
1	0x5e4722	312	2	8	85	0.000005570	0.000000170	0.000011600	0.000000490	680	0.000052350	0.000007720	0.000100480	0.000000790	340	0.000021980	0.000000340	0.000059900	0.000000870
3	0x5db80c	16065	4	8	1	0.000000350	0.000000350	0.000023100	0.000023100	8	0.000001510	0.000000260	0.008505491	0.006655109	4	0.000000840	0.000000260	0.000106480	0.000030330
3	0x62ab93	64158	3	1	2	0.000005060	0.000004680	0.000226820	0.000123890	43	0.000031031	0.000008450	0.004958287	0.000232890	15	0.000007420	0.000000710	0.001867395	0.000253391
1	0x62420d	62424	4	-8	2	0.000611771	0.000314281	0.000002430	0.000001230	43	0.013298016	0.000400521	0.000079300	0.000022150	15	0.004644936	0.000357491	0.000020360	0.000002190
3	0x5e46a2	153	4	8	268	0.000041270	0.000002700	0.000271290	0.000007430	1888	0.000233999	0.000000590	0.001391334	0.000002600	944	0.000119570	0.000000560	0.000688192	0.000001370
3	0x5de5fa	11655	1	-1	1	0.000000370	0.000000370	0.000069010	0.000069010	43	0.000017320	0.000001170	0.003826667	0.001132432	16	0.000005420	0.000000590	0.001529231	0.000258050
3	0x5de5b4	7548	3	1	12	0.000007330	0.000003280	0.000642742	0.000237041	173	0.000060391	0.000001760	0.004100344	0.000074641	63	0.000019660	0.000000660	0.001509042	0.000050200
3	0x5de5b4	3774	3	1	1	0.000004980	0.000004980	0.000016800	0.000016800	0	0.000000000	0.000000000	0.000000000	0.000000000	0	0.000000000	0.000000000	0.000000000	0.000000000
6	0x560ac0	78302	-1	-1	0	0.000000000	0.000000000	0.000000000	0.000000000	136	0.044920788	0.001087862	0.115896842	0.003412335	68	0.022031172	0.000378481	0.039829657	0.001044152
1	0x6481e0	56610	3	-1	1	0.000702851	0.000702851	0.000000580	0.000000580	43	0.026302898	0.000751781	0.000042620	0.000001810	16	0.010476045	0.000710991	0.000016250	0.000002390
3	0x5de5fa	1887	1	-1	1	0.000002050	0.000002050	0.000005920	0.000005920	0	0.000000000	0.000000000	0.000000000	0.000000000	0	0.000000000	0.000000000	0.000000000	0.000000000
3	0x5e6832	141	3	1	268	0.000022490	0.000002290	0.000253021	0.000009620	1888	0.000139082	0.000000820	0.001793112	0.000009550	944	0.000069260	0.000000760	0.000892582	0.000007140
3	0x62abd9	9588	1	-1	1	0.000000830	0.000000830	0.000067101	0.000067101	8	0.000004430	0.000001090	0.000718080	0.000237150	4	0.000001880	0.000000690	0.000505781	0.000307100
1	0x5dfbdb	141	3	-1	268	0.310018117	0.178455986	0.000057530	0.000014740	1888	0.020084343	0.000530761	0.000283370	0.000009110	944	0.010140060	0.000542251	0.000133000	0.000001780
3	0x5db855	3672	2	-8	1	0.000000090	0.000000090	0.000031500	0.000031500	0	0.000000000	0.000000000	0.000000000	0.000000000	0	0.000000000	0.000000000	0.000000000	0.000000000
3	0x64a1c4	78030	2	-8	1	0.000000380	0.000000380	0.001546193	0.001546193	8	0.000003450	0.000000580	0.002125743	0.000542980	4	0.000001880	0.000000720	0.000810780	0.000351720
1	0x5d795f	5202	4	-8	1	0.000014370	0.000014370	0.000000180	0.000000180	0	0.000000000	0.000000000	0.000000000	0.000000000	0	0.000000000	0.000000000	0.000000000	0.000000000
3	0x5db855	11340	2	-8	1	0.000004390	0.000004390	0.000024710	0.000024710	43	0.000014160	0.000000910	0.023214233	0.006615649	16	0.000005660	0.000000730	0.005852909	0.004322876
1	0x5d795f	3780	4	-8	17	0.000177690	0.000012630	0.000007500	0.000002390	217	0.002227624	0.000020490	0.000055000	0.000008120	78	0.000809901	0.000019950	0.000020090	0.000003900
3	0x627fc6	88434	4	8	1	0.000017590	0.000017590	0.000198710	0.000198710	32	0.000016360	0.000002280	0.005372424	0.000548521	16	0.000009710	0.000002600	0.002453992	0.000189370
6	0x55fc42	231336	-1	-1	2	0.000129911	0.000067491	0.008296352	0.004221346	0	0.000000000	0.000000000	0.000000000	0.000000000	0	0.000000000	0.000000000	0.000000000	0.000000000
6	0x560ac0	2256	-1	-1	0	0.000000000	0.000000000	0.000000000	0.000000000	8	0.000478301	0.000383081	0.001798304	0.000386921	4	0.000061790	0.000015780	0.000731041	0.000327980
1	0x5d4bb5	19176	3	-1	2	0.010036965	0.006362139	0.000003120	0.000002250	8	0.024663854	0.003166875	0.000016110	0.000003030	4	0.012217388	0.003115764	0.000007830	0.000002740
1	0x62ac22	9870	1	1	1	0.000004730	0.000004730	0.000000270	0.000000270	8	0.000004290	0.000001770	0.000003340	0.000001190	4	0.000002390	0.000001560	0.000000510	0.000000220
1	0x5db89e	1836	2	8	1	0.000002190	0.000002190	0.000000090	0.000000090	0	0.000000000	0.000000000	0.000000000	0.000000000	0	0.000000000	0.000000000	0.000000000	0.000000000
3	0x5db855	7344	2	-8	12	0.000006220	0.000001930	0.000952661	0.000394891	173	0.000057671	0.000000870	0.007649566	0.000816961	63	0.000022370	0.000001150	0.003176654	0.000690721
6	0x560ac0	76636	-1	-1	0	0.000000000	0.000000000	0.000000000	0.000000000	8	0.003031135	0.000584171	0.010020714	0.002591663	4	0.001358581	0.000345170	0.002724884	0.000782781
6	0x55fc42	231812	-1	-1	1	0.000062310	0.000062310	0.004600556	0.004600556	0	0.000000000	0.000000000	0.000000000	0.000000000	0	0.000000000	0.000000000	0.000000000	0.000000000
3	0x627fc6	7560	4	8	1	0.000000250	0.000000250	0.000013180	0.000013180	43	0.000011010	0.000000760	0.000653511	0.000040370	16	0.000003490	0.000000320	0.000244831	0.000021590
3	0x627fc6	10404	4	8	1	0.000005000	0.000005000	0.000025960	0.000025960	8	0.000004610	0.000001490	0.001152242	0.000310290	4	0.000002880	0.000001790	0.000874491	0.000378591
3	0x5e6875	288	1	-1	85	0.000005320	0.000000170	0.000065950	0.000005860	680	0.000041870	0.000000220	0.000479611	0.000001550	340	0.000021840	0.000000540	0.000250230	0.000008930
1	0x5db89e	7344	2	8	12	0.000008030	0.000003740	0.000003800	0.000000740	173	0.000053480	0.000001230	0.000047130	0.000000970	63	0.000016880	0.000000490	0.000017220	0.000001350
3	0x5db80c	20808	4	8	2	0.000004150	0.000003680	0.000324081	0.000294731	8	0.000009660	0.000007790	0.000584091	0.000315071	4	0.000001140	0.000000420	0.000160901	0.000045541
1	0x62ac22	81498	1	1	1	0.000003310	0.000003310	0.000000210	0.000000210	32	0.000014110	0.000000830	0.000008260	0.000000600	16	0.000007760	0.000000710	0.000004420	0.000000460
3	0x62abd9	7548	1	-1	1	0.000017410	0.000017410	0.000046880	0.000046880	43	0.000031050	0.000007350	0.004986244	0.002221083	16	0.000007780	0.000000750	0.000888491	0.000110400
