"File","Line","Subroutine","Routine","Nvar","FieldCount","FieldArgs","ArgCount","Statement"
"analytical.f90","374","ana_stflux_tile","mp_exchange2d","1","1","stflx(:,:,itrc)","12","CALL mp_exchange2d (ng, tile, model, 1, LBi, UBi, LBj, UBj, NghostPoints, EWperiodic(ng), NSperiodic(ng), stflx(:,:,itrc))"
"get_grid.f90","252","get_grid","mp_exchange2d","1","1","GRID(ng) % h","12","CALL mp_exchange2d (ng, tile, model, 1, LBi, UBi, LBj, UBj, NghostPoints, EWperiodic(ng), NSperiodic(ng), GRID(ng) % h)"
"get_grid.f90","286","get_grid","mp_exchange2d","1","1","GRID(ng) % rmask","12","CALL mp_exchange2d (ng, tile, model, 1, LBi, UBi, LBj, UBj, NghostPoints, EWperiodic(ng), NSperiodic(ng), GRID(ng) % rmask)"
"get_grid.f90","320","get_grid","mp_exchange2d","1","1","GRID(ng) % umask","12","CALL mp_exchange2d (ng, tile, model, 1, LBi, UBi, LBj, UBj, NghostPoints, EWperiodic(ng), NSperiodic(ng), GRID(ng) % umask)"
"get_grid.f90","354","get_grid","mp_exchange2d","1","1","GRID(ng) % vmask","12","CALL mp_exchange2d (ng, tile, model, 1, LBi, UBi, LBj, UBj, NghostPoints, EWperiodic(ng), NSperiodic(ng), GRID(ng) % vmask)"
"get_grid.f90","381","get_grid","mp_exchange2d","1","1","GRID(ng) % pmask","12","CALL mp_exchange2d (ng, tile, model, 1, LBi, UBi, LBj, UBj, NghostPoints, EWperiodic(ng), NSperiodic(ng), GRID(ng) % pmask)"
"get_grid.f90","409","get_grid","mp_exchange2d","1","1","MIXING(ng) % visc_factor","12","CALL mp_exchange2d (ng, tile, model, 1, LBi, UBi, LBj, UBj, NghostPoints, EWperiodic(ng), NSperiodic(ng), MIXING(ng) % visc_factor)"
"get_grid.f90","438","get_grid","mp_exchange2d","1","1","MIXING(ng) % diff_factor","12","CALL mp_exchange2d (ng, tile, model, 1, LBi, UBi, LBj, UBj, NghostPoints, EWperiodic(ng), NSperiodic(ng), MIXING(ng) % diff_factor)"
"get_grid.f90","473","get_grid","mp_exchange2d","1","1","GRID(ng) % f","12","CALL mp_exchange2d (ng, tile, model, 1, LBi, UBi, LBj, UBj, NghostPoints, EWperiodic(ng), NSperiodic(ng), GRID(ng) % f)"
"get_grid.f90","508","get_grid","mp_exchange2d","1","1","GRID(ng) % pm","12","CALL mp_exchange2d (ng, tile, model, 1, LBi, UBi, LBj, UBj, NghostPoints, EWperiodic(ng), NSperiodic(ng), GRID(ng) % pm)"
"get_grid.f90","543","get_grid","mp_exchange2d","1","1","GRID(ng) % pn","12","CALL mp_exchange2d (ng, tile, model, 1, LBi, UBi, LBj, UBj, NghostPoints, EWperiodic(ng), NSperiodic(ng), GRID(ng) % pn)"
"get_grid.f90","577","get_grid","mp_exchange2d","1","1","GRID(ng) % dmde","12","CALL mp_exchange2d (ng, tile, model, 1, LBi, UBi, LBj, UBj, NghostPoints, EWperiodic(ng), NSperiodic(ng), GRID(ng) % dmde)"
"get_grid.f90","611","get_grid","mp_exchange2d","1","1","GRID(ng) % dndx","12","CALL mp_exchange2d (ng, tile, model, 1, LBi, UBi, LBj, UBj, NghostPoints, EWperiodic(ng), NSperiodic(ng), GRID(ng) % dndx)"
"get_grid.f90","633","get_grid","mp_exchange2d","1","1","GRID(ng) % xp","12","CALL mp_exchange2d (ng, tile, model, 1, LBi, UBi, LBj, UBj, NghostPoints, .FALSE., .FALSE., GRID(ng) % xp)"
"get_grid.f90","655","get_grid","mp_exchange2d","1","1","GRID(ng) % yp","12","CALL mp_exchange2d (ng, tile, model, 1, LBi, UBi, LBj, UBj, NghostPoints, .FALSE., .FALSE., GRID(ng) % yp)"
"get_grid.f90","686","get_grid","mp_exchange2d","1","1","GRID(ng) % xr","12","CALL mp_exchange2d (ng, tile, model, 1, LBi, UBi, LBj, UBj, NghostPoints, .FALSE., .FALSE., GRID(ng) % xr)"
"get_grid.f90","717","get_grid","mp_exchange2d","1","1","GRID(ng) % yr","12","CALL mp_exchange2d (ng, tile, model, 1, LBi, UBi, LBj, UBj, NghostPoints, .FALSE., .FALSE., GRID(ng) % yr)"
"get_grid.f90","748","get_grid","mp_exchange2d","1","1","GRID(ng) % xu","12","CALL mp_exchange2d (ng, tile, model, 1, LBi, UBi, LBj, UBj, NghostPoints, .FALSE., .FALSE., GRID(ng) % xu)"
"get_grid.f90","779","get_grid","mp_exchange2d","1","1","GRID(ng) % yu","12","CALL mp_exchange2d (ng, tile, model, 1, LBi, UBi, LBj, UBj, NghostPoints, .FALSE., .FALSE., GRID(ng) % yu)"
"get_grid.f90","810","get_grid","mp_exchange2d","1","1","GRID(ng) % xv","12","CALL mp_exchange2d (ng, tile, model, 1, LBi, UBi, LBj, UBj, NghostPoints, .FALSE., .FALSE., GRID(ng) % xv)"
"get_grid.f90","841","get_grid","mp_exchange2d","1","1","GRID(ng) % yv","12","CALL mp_exchange2d (ng, tile, model, 1, LBi, UBi, LBj, UBj, NghostPoints, .FALSE., .FALSE., GRID(ng) % yv)"
"get_grid.f90","864","get_grid","mp_exchange2d","1","1","GRID(ng) % lonp","12","CALL mp_exchange2d (ng, tile, model, 1, LBi, UBi, LBj, UBj, NghostPoints, .FALSE., .FALSE., GRID(ng) % lonp)"
"get_grid.f90","888","get_grid","mp_exchange2d","1","1","GRID(ng) % latp","12","CALL mp_exchange2d (ng, tile, model, 1, LBi, UBi, LBj, UBj, NghostPoints, .FALSE., .FALSE., GRID(ng) % latp)"
"get_grid.f90","919","get_grid","mp_exchange2d","1","1","GRID(ng) % lonr","12","CALL mp_exchange2d (ng, tile, model, 1, LBi, UBi, LBj, UBj, NghostPoints, .FALSE., .FALSE., GRID(ng) % lonr)"
"get_grid.f90","950","get_grid","mp_exchange2d","1","1","GRID(ng) % latr","12","CALL mp_exchange2d (ng, tile, model, 1, LBi, UBi, LBj, UBj, NghostPoints, .FALSE., .FALSE., GRID(ng) % latr)"
"get_grid.f90","981","get_grid","mp_exchange2d","1","1","GRID(ng) % lonu","12","CALL mp_exchange2d (ng, tile, model, 1, LBi, UBi, LBj, UBj, NghostPoints, .FALSE., .FALSE., GRID(ng) % lonu)"
"get_grid.f90","1012","get_grid","mp_exchange2d","1","1","GRID(ng) % latu","12","CALL mp_exchange2d (ng, tile, model, 1, LBi, UBi, LBj, UBj, NghostPoints, .FALSE., .FALSE., GRID(ng) % latu)"
"get_grid.f90","1043","get_grid","mp_exchange2d","1","1","GRID(ng) % lonv","12","CALL mp_exchange2d (ng, tile, model, 1, LBi, UBi, LBj, UBj, NghostPoints, .FALSE., .FALSE., GRID(ng) % lonv)"
"get_grid.f90","1074","get_grid","mp_exchange2d","1","1","GRID(ng) % latv","12","CALL mp_exchange2d (ng, tile, model, 1, LBi, UBi, LBj, UBj, NghostPoints, .FALSE., .FALSE., GRID(ng) % latv)"
"get_grid.f90","1109","get_grid","mp_exchange2d","1","1","GRID(ng) % angler","12","CALL mp_exchange2d (ng, tile, model, 1, LBi, UBi, LBj, UBj, NghostPoints, EWperiodic(ng), NSperiodic(ng), GRID(ng) % angler)"
"get_nudgcoef.f90","193","get_nudgcoef","mp_exchange2d","1","1","CLIMA(ng) % M2nudgcof","12","CALL mp_exchange2d (ng, tile, model, 1, LBi, UBi, LBj, UBj, NghostPoints, EWperiodic(ng), NSperiodic(ng), CLIMA(ng) % M2nudgcof)"
"get_nudgcoef.f90","243","get_nudgcoef","mp_exchange3d","1","1","CLIMA(ng) % M3nudgcof","14","CALL mp_exchange3d (ng, tile, model, 1, LBi, UBi, LBj, UBj, 1, N(ng), NghostPoints, EWperiodic(ng), NSperiodic(ng), CLIMA(ng) % M3nudgcof)"
"get_nudgcoef.f90","307","get_nudgcoef","mp_exchange4d","1","1","CLIMA(ng) % Tnudgcof","16","CALL mp_exchange4d (ng, tile, model, 1, LBi, UBi, LBj, UBj, 1, N(ng), 1, NTCLM(ng), NghostPoints, EWperiodic(ng), NSperiodic(ng), CLIMA(ng) % Tnudgcof)"
"get_state.f90","750","get_state","mp_exchange3d","1","1","MIXING(ng) % AKv","14","CALL mp_exchange3d (ng, MyRank, IDmod, 1, LBi, UBi, LBj, UBj, 0, N(ng), NghostPoints, EWperiodic(ng), NSperiodic(ng), MIXING(ng) % AKv)"
"get_state.f90","783","get_state","mp_exchange3d","1","1","MIXING(ng) % AKt(:,:,:,itemp)","14","CALL mp_exchange3d (ng, MyRank, IDmod, 1, LBi, UBi, LBj, UBj, 0, N(ng), NghostPoints, EWperiodic(ng), NSperiodic(ng), MIXING(ng) % AKt(:,:,:,itemp))"
"get_state.f90","816","get_state","mp_exchange3d","1","1","MIXING(ng) % AKt(:,:,:,isalt)","14","CALL mp_exchange3d (ng, MyRank, IDmod, 1, LBi, UBi, LBj, UBj, 0, N(ng), NghostPoints, EWperiodic(ng), NSperiodic(ng), MIXING(ng) % AKt(:,:,:,isalt))"
"get_wetdry.f90","215","get_wetdry","mp_exchange2d","4","4","GRID(ng) % pmask_wet | GRID(ng) % rmask_wet | GRID(ng) % umask_wet | GRID(ng) % vmask_wet","15","CALL mp_exchange2d (ng, tile, model, 4, LBi, UBi, LBj, UBj, NghostPoints, EWperiodic(ng), NSperiodic(ng), GRID(ng) % pmask_wet, GRID(ng) % rmask_wet, GRID(ng) % umask_wet, GRID(ng) % vmask_wet)"
"gls_corstep.f90","885","gls_corstep_tile","mp_exchange3d","3","3","tke(:,:,:,nnew) | gls(:,:,:,nnew) | Akv","16","CALL mp_exchange3d (ng, tile, iNLM, 3, LBi, UBi, LBj, UBj, 0, N(ng), NghostPoints, EWperiodic(ng), NSperiodic(ng), tke(:,:,:,nnew), gls(:,:,:,nnew), Akv)"
"gls_corstep.f90","892","gls_corstep_tile","mp_exchange4d","1","1","Akt","16","CALL mp_exchange4d (ng, tile, iNLM, 1, LBi, UBi, LBj, UBj, 0, N(ng), 1, NAT, NghostPoints, EWperiodic(ng), NSperiodic(ng), Akt)"
"gls_prestep.f90","400","gls_prestep_tile","mp_exchange3d","2","2","tke(:,:,:,3) | gls(:,:,:,3)","15","CALL mp_exchange3d (ng, tile, iNLM, 2, LBi, UBi, LBj, UBj, 0, N(ng), NghostPoints, EWperiodic(ng), NSperiodic(ng), tke(:,:,:,3), gls(:,:,:,3))"
"hmixing.f90","384","hmixing_tile","mp_exchange3d","2","2","diff3d_u | diff3d_v","15","CALL mp_exchange3d (ng, tile, iNLM, 2, LBi, UBi, LBj, UBj, 1, N(ng), NghostPoints, EWperiodic(ng), NSperiodic(ng), diff3d_u, diff3d_v)"
"ini_fields.f90","280","ini_fields_tile","mp_exchange3d","4","4","u(:,:,:,nstp) | v(:,:,:,nstp) | u(:,:,:,nnew) | v(:,:,:,nnew)","17","CALL mp_exchange3d (ng, tile, model, 4, LBi, UBi, LBj, UBj, 1, N(ng), NghostPoints, EWperiodic(ng), NSperiodic(ng), u(:,:,:,nstp), v(:,:,:,nstp), u(:,:,:,nnew), v(:,:,:,nnew))"
"ini_fields.f90","384","ini_fields_tile","mp_exchange2d","4","4","ubar(:,:,kstp) | vbar(:,:,kstp) | ubar(:,:,knew) | vbar(:,:,knew)","15","CALL mp_exchange2d (ng, tile, model, 4, LBi, UBi, LBj, UBj, NghostPoints, EWperiodic(ng), NSperiodic(ng), ubar(:,:,kstp), vbar(:,:,kstp), ubar(:,:,knew), vbar(:,:,knew))"
"ini_fields.f90","438","ini_fields_tile","mp_exchange4d","2","2","t(:,:,:,nstp,:) | t(:,:,:,nnew,:)","17","CALL mp_exchange4d (ng, tile, model, 2, LBi, UBi, LBj, UBj, 1, N(ng), 1, NT(ng), NghostPoints, EWperiodic(ng), NSperiodic(ng), t(:,:,:,nstp,:), t(:,:,:,nnew,:))"
"ini_fields.f90","470","ini_fields_tile","mp_exchange3d","3","3","rubar | rvbar | rzeta","16","CALL mp_exchange3d (ng, tile, model, 3, LBi, UBi, LBj, UBj, 1, 2, NghostPoints, EWperiodic(ng), NSperiodic(ng), rubar, rvbar, rzeta)"
"ini_fields.f90","475","ini_fields_tile","mp_exchange4d","2","2","ru | rv","17","CALL mp_exchange4d (ng, tile, model, 2, LBi, UBi, LBj, UBj, 0, N(ng), 1, 2, NghostPoints, EWperiodic(ng), NSperiodic(ng), ru, rv)"
"ini_fields.f90","698","ini_zeta_tile","mp_exchange2d","2","2","zeta(:,:,kstp) | zeta(:,:,knew)","13","CALL mp_exchange2d (ng, tile, model, 2, LBi, UBi, LBj, UBj, NghostPoints, EWperiodic(ng), NSperiodic(ng), zeta(:,:,kstp), zeta(:,:,knew))"
"ini_fields.f90","705","ini_zeta_tile","mp_exchange2d","1","1","zeta(:,:,krhs)","12","CALL mp_exchange2d (ng, tile, model, 1, LBi, UBi, LBj, UBj, NghostPoints, EWperiodic(ng), NSperiodic(ng), zeta(:,:,krhs))"
"ini_fields.f90","711","ini_zeta_tile","mp_exchange2d","1","1","rmask_wet","12","CALL mp_exchange2d (ng, tile, model, 1, LBi, UBi, LBj, UBj, NghostPoints, EWperiodic(ng), NSperiodic(ng), rmask_wet)"
"ini_fields.f90","733","ini_zeta_tile","mp_exchange2d","1","1","Zt_avg1","12","CALL mp_exchange2d (ng, tile, model, 1, LBi, UBi, LBj, UBj, NghostPoints, EWperiodic(ng), NSperiodic(ng), Zt_avg1)"
"ini_hmixcoef.f90","311","ini_hmixcoef_tile","mp_exchange2d","2","2","visc2_r | visc2_p","13","CALL mp_exchange2d (ng, tile, model, 2, LBi, UBi, LBj, UBj, NghostPoints, EWperiodic(ng), NSperiodic(ng), visc2_r, visc2_p)"
"ini_hmixcoef.f90","316","ini_hmixcoef_tile","mp_exchange3d","1","1","diff4","14","CALL mp_exchange3d (ng, tile, model, 1, LBi, UBi, LBj, UBj, 1, NT(ng), NghostPoints, EWperiodic(ng), NSperiodic(ng), diff4)"
"metrics.f90","274","metrics_tile","mp_exchange2d","4","4","om_r | on_r | omn | fomn","15","CALL mp_exchange2d (ng, tile, model, 4, LBi, UBi, LBj, UBj, NghostPoints, EWperiodic(ng), NSperiodic(ng), om_r, on_r, omn, fomn)"
"metrics.f90","300","metrics_tile","mp_exchange2d","2","2","pnom_r | pmon_r","13","CALL mp_exchange2d (ng, tile, model, 2, LBi, UBi, LBj, UBj, NghostPoints, EWperiodic(ng), NSperiodic(ng), pnom_r, pmon_r)"
"metrics.f90","334","metrics_tile","mp_exchange2d","4","4","pmon_u | pnom_u | om_u | on_u","15","CALL mp_exchange2d (ng, tile, model, 4, LBi, UBi, LBj, UBj, NghostPoints, EWperiodic(ng), NSperiodic(ng), pmon_u, pnom_u, om_u, on_u)"
"metrics.f90","368","metrics_tile","mp_exchange2d","4","4","pmon_v | pnom_v | om_v | on_v","15","CALL mp_exchange2d (ng, tile, model, 4, LBi, UBi, LBj, UBj, NghostPoints, EWperiodic(ng), NSperiodic(ng), pmon_v, pnom_v, om_v, on_v)"
"metrics.f90","404","metrics_tile","mp_exchange2d","4","4","pnom_p | pmon_p | om_p | on_p","15","CALL mp_exchange2d (ng, tile, model, 4, LBi, UBi, LBj, UBj, NghostPoints, EWperiodic(ng), NSperiodic(ng), pnom_p, pmon_p, om_p, on_p)"
"metrics.f90","478","metrics_tile","mp_exchange2d","1","1","pmask","12","CALL mp_exchange2d (ng, tile, model, 1, LBi, UBi, LBj, UBj, NghostPoints, EWperiodic(ng), NSperiodic(ng), pmask)"
"metrics.f90","504","metrics_tile","mp_exchange2d","2","2","CosAngler | SinAngler","13","CALL mp_exchange2d (ng, tile, model, 2, LBi, UBi, LBj, UBj, NghostPoints, EWperiodic(ng), NSperiodic(ng), CosAngler, SinAngler)"
"metrics.f90","528","metrics_tile","mp_exchange2d","1","1","grdscl","12","CALL mp_exchange2d (ng, tile, model, 1, LBi, UBi, LBj, UBj, NghostPoints, EWperiodic(ng), NSperiodic(ng), grdscl)"
"metrics.f90","560","metrics_tile","mp_exchange2d","1","1","Hdiffusion","12","CALL mp_exchange2d (ng, tile, model, 1, LBi, UBi, LBj, UBj, NghostPoints, EWperiodic(ng), NSperiodic(ng), Hdiffusion)"
"nesting.f90","1948","put_composite","mp_exchange2d","2","2","FORCES(rg) % bustr | FORCES(rg) % bvstr","13","CALL mp_exchange2d (rg, tile, model, 2, LBi, UBi, LBj, UBj, NghostPoints, EWperiodic(rg), NSperiodic(rg), FORCES(rg) % bustr, FORCES(rg) % bvstr)"
"nesting.f90","1980","put_composite","mp_exchange2d","1","1","OCEAN(rg) % zeta(:,:,Tindex)","12","CALL mp_exchange2d (rg, tile, model, 1, LBi, UBi, LBj, UBj, NghostPoints, EWperiodic(rg), NSperiodic(rg), OCEAN(rg) % zeta(:,:,Tindex))"
"nesting.f90","1999","put_composite","mp_exchange2d","1","1","OCEAN(rg) % rzeta(:,:,Tindex)","12","CALL mp_exchange2d (rg, tile, model, 1, LBi, UBi, LBj, UBj, NghostPoints, EWperiodic(rg), NSperiodic(rg), OCEAN(rg) % rzeta(:,:,Tindex))"
"nesting.f90","2038","put_composite","mp_exchange2d","2","2","OCEAN(rg) % ubar(:,:,Tindex) | OCEAN(rg) % vbar(:,:,Tindex)","13","CALL mp_exchange2d (rg, tile, model, 2, LBi, UBi, LBj, UBj, NghostPoints, EWperiodic(rg), NSperiodic(rg), OCEAN(rg) % ubar(:,:,Tindex), OCEAN(rg) % vbar(:,:,Tindex))"
"nesting.f90","2072","put_composite","mp_exchange2d","3","3","COUPLING(rg) % Zt_avg1 | COUPLING(rg) % DU_avg1 | COUPLING(rg) % DV_avg1","14","CALL mp_exchange2d (rg, tile, model, 3, LBi, UBi, LBj, UBj, NghostPoints, EWperiodic(rg), NSperiodic(rg), COUPLING(rg) % Zt_avg1, COUPLING(rg) % DU_avg1, COUPLING(rg) % DV_avg1)"
"nesting.f90","2100","put_composite","mp_exchange4d","1","1","OCEAN(rg) % t(:,:,:,Tindex,:)","16","CALL mp_exchange4d (rg, tile, model, 1, LBi, UBi, LBj, UBj, 1, N(rg), 1, NT(rg), NghostPoints, EWperiodic(rg), NSperiodic(rg), OCEAN(rg) % t(:,:,:,Tindex,:))"
"nesting.f90","2126","put_composite","mp_exchange3d","2","2","OCEAN(rg) % u(:,:,:,Tindex) | OCEAN(rg) % v(:,:,:,Tindex)","15","CALL mp_exchange3d (rg, tile, model, 2, LBi, UBi, LBj, UBj, 1, N(rg), NghostPoints, EWperiodic(rg), NSperiodic(rg), OCEAN(rg) % u(:,:,:,Tindex), OCEAN(rg) % v(:,:,:,Tindex))"
"nesting.f90","2151","put_composite","mp_exchange3d","2","2","GRID(rg) % Huon | GRID(rg) % Hvom","15","CALL mp_exchange3d (rg, tile, model, 2, LBi, UBi, LBj, UBj, 1, N(rg), NghostPoints, EWperiodic(rg), NSperiodic(rg), GRID(rg) % Huon, GRID(rg) % Hvom)"
"nesting.f90","2650","correct_tracer_tile","mp_exchange4d","1","1","OCEAN(ngc)%t(:,:,:,Tindex,:)","16","CALL mp_exchange4d (ngc, tile, model, 1, LBi, UBi, LBj, UBj, 1, N(ngc), 1, NT(ngc), NghostPoints, EWperiodic(ngc), NSperiodic(ngc), OCEAN(ngc)%t(:,:,:,Tindex,:))"
"nesting.f90","2918","fine2coarse","mp_exchange2d","1","1","COUPLING(rg)%Zt_avg1","12","CALL mp_exchange2d (rg, tile, model, 1, LBiR, UBiR, LBjR, UBjR, NghostPoints, EWperiodic(rg), NSperiodic(rg), COUPLING(rg)%Zt_avg1)"
"nesting.f90","2923","fine2coarse","mp_exchange2d","4","4","OCEAN(rg)%ubar(:,:,1) | OCEAN(rg)%vbar(:,:,1) | OCEAN(rg)%ubar(:,:,2) | OCEAN(rg)%vbar(:,:,2)","15","CALL mp_exchange2d (rg, tile, model, 4, LBiR, UBiR, LBjR, UBjR, NghostPoints, EWperiodic(rg), NSperiodic(rg), OCEAN(rg)%ubar(:,:,1), OCEAN(rg)%vbar(:,:,1), OCEAN(rg)%ubar(:,:,2), OCEAN(rg)%vbar(:,:,2))"
"nesting.f90","2931","fine2coarse","mp_exchange3d","2","2","OCEAN(rg)%u(:,:,:,Rindex3d) | OCEAN(rg)%v(:,:,:,Rindex3d)","15","CALL mp_exchange3d (rg, tile, model, 2, LBiR, UBiR, LBjR, UBjR, 1, N(rg), NghostPoints, EWperiodic(rg), NSperiodic(rg), OCEAN(rg)%u(:,:,:,Rindex3d), OCEAN(rg)%v(:,:,:,Rindex3d))"
"nesting.f90","2937","fine2coarse","mp_exchange4d","1","1","OCEAN(rg)%t(:,:,:,Rindex3d,:)","16","CALL mp_exchange4d (rg, tile, model, 1, LBiR, UBiR, LBjR, UBjR, 1, N(rg), 1, NT(rg), NghostPoints, EWperiodic(rg), NSperiodic(rg), OCEAN(rg)%t(:,:,:,Rindex3d,:))"
"nesting.f90","5049","put_refine2d","mp_exchange2d","4","4","COUPLING(ng)%Zt_avg1 | OCEAN(ng)%zeta(:,:,1) | OCEAN(ng)%zeta(:,:,2) | OCEAN(ng)%zeta(:,:,3)","15","CALL mp_exchange2d (ng, tile, model, 4, LBi, UBi, LBj, UBj, NghostPoints, EWperiodic(ng), NSperiodic(ng), COUPLING(ng)%Zt_avg1, OCEAN(ng)%zeta(:,:,1), OCEAN(ng)%zeta(:,:,2), OCEAN(ng)%zeta(:,:,3))"
"nesting.f90","5062","put_refine2d","mp_exchange2d","3","3","OCEAN(ng)%ubar(:,:,1) | OCEAN(ng)%ubar(:,:,2) | OCEAN(ng)%ubar(:,:,3)","14","CALL mp_exchange2d (ng, tile, model, 3, LBi, UBi, LBj, UBj, NghostPoints, EWperiodic(ng), NSperiodic(ng), OCEAN(ng)%ubar(:,:,1), OCEAN(ng)%ubar(:,:,2), OCEAN(ng)%ubar(:,:,3))"
"nesting.f90","5069","put_refine2d","mp_exchange2d","3","3","OCEAN(ng)%vbar(:,:,1) | OCEAN(ng)%vbar(:,:,2) | OCEAN(ng)%vbar(:,:,3)","14","CALL mp_exchange2d (ng, tile, model, 3, LBi, UBi, LBj, UBj, NghostPoints, EWperiodic(ng), NSperiodic(ng), OCEAN(ng)%vbar(:,:,1), OCEAN(ng)%vbar(:,:,2), OCEAN(ng)%vbar(:,:,3))"
"nesting.f90","5346","put_refine3d","mp_exchange4d","3","3","OCEAN(ng)%t(:,:,:,1,:) | OCEAN(ng)%t(:,:,:,2,:) | OCEAN(ng)%t(:,:,:,3,:)","18","CALL mp_exchange4d (ng, tile, model, 3, LBi, UBi, LBj, UBj, 1, N(ng), 1, NT(ng), NghostPoints, EWperiodic(ng), NSperiodic(ng), OCEAN(ng)%t(:,:,:,1,:), OCEAN(ng)%t(:,:,:,2,:), OCEAN(ng)%t(:,:,:,3,:))"
"nesting.f90","5353","put_refine3d","mp_exchange3d","4","4","OCEAN(ng)%u(:,:,:,1) | OCEAN(ng)%u(:,:,:,2) | OCEAN(ng)%v(:,:,:,1) | OCEAN(ng)%v(:,:,:,2)","17","CALL mp_exchange3d (ng, tile, model, 4, LBi, UBi, LBj, UBj, 1, N(ng), NghostPoints, EWperiodic(ng), NSperiodic(ng), OCEAN(ng)%u(:,:,:,1), OCEAN(ng)%u(:,:,:,2), OCEAN(ng)%v(:,:,:,1), OCEAN(ng)%v(:,:,:,2))"
"obc_volcons.f90","403","set_DUV_bc_tile","mp_exchange2d","1","1","Duon","12","CALL mp_exchange2d (ng, tile, iNLM, 1, IminS, ImaxS, JminS, JmaxS, NghostPoints, EWperiodic(ng), NSperiodic(ng), Duon)"
"obc_volcons.f90","410","set_DUV_bc_tile","mp_exchange2d","1","1","Dvom","12","CALL mp_exchange2d (ng, tile, iNLM, 1, IminS, ImaxS, JminS, JmaxS, NghostPoints, EWperiodic(ng), NSperiodic(ng), Dvom)"
"omega.f90","228","omega_tile","mp_exchange3d","1","1","W","14","CALL mp_exchange3d (ng, tile, iNLM, 1, LBi, UBi, LBj, UBj, 0, N(ng), NghostPoints, EWperiodic(ng), NSperiodic(ng), W)"
"omega.f90","340","scale_omega","mp_exchange3d","1","1","Wscl","14","CALL mp_exchange3d (ng, tile, iNLM, 1, LBi, UBi, LBj, UBj, 0, N(ng), NghostPoints, EWperiodic(ng), NSperiodic(ng), Wscl)"
"pre_step3d.f90","720","pre_step3d_tile","mp_exchange4d","1","1","t(:,:,:,3,:)","16","CALL mp_exchange4d (ng, tile, iNLM, 1, LBi, UBi, LBj, UBj, 1, N(ng), 1, NT(ng), NghostPoints, EWperiodic(ng), NSperiodic(ng), t(:,:,:,3,:))"
"rho_eos.f90","366","rho_eos_tile","mp_exchange3d","2","2","rho | pden","15","CALL mp_exchange3d (ng, tile, iNLM, 2, LBi, UBi, LBj, UBj, 1, N(ng), NghostPoints, EWperiodic(ng), NSperiodic(ng), rho, pden)"
"rho_eos.f90","371","rho_eos_tile","mp_exchange2d","2","2","rhoA | rhoS","13","CALL mp_exchange2d (ng, tile, iNLM, 2, LBi, UBi, LBj, UBj, NghostPoints, EWperiodic(ng), NSperiodic(ng), rhoA, rhoS)"
"rho_eos.f90","376","rho_eos_tile","mp_exchange3d","1","1","bvf","14","CALL mp_exchange3d (ng, tile, iNLM, 1, LBi, UBi, LBj, UBj, 0, N(ng), NghostPoints, EWperiodic(ng), NSperiodic(ng), bvf)"
"set_2dfld.f90","225","set_2dfld_tile","mp_exchange2d","1","1","Fout","12","CALL mp_exchange2d (ng, tile, model, 1, LBi, UBi, LBj, UBj, NghostPoints, .FALSE., .FALSE., Fout)"
"set_2dfld.f90","231","set_2dfld_tile","mp_exchange2d","1","1","Fout","12","CALL mp_exchange2d (ng, tile, model, 1, LBi, UBi, LBj, UBj, NghostPoints, EWperiodic(ng), NSperiodic(ng), Fout)"
"set_3dfld.f90","238","set_3dfld_tile","mp_exchange3d","1","1","Fout","14","CALL mp_exchange3d (ng, tile, model, 1, LBi, UBi, LBj, UBj, LBk, UBk, NghostPoints, .FALSE., .FALSE., Fout)"
"set_3dfld.f90","244","set_3dfld_tile","mp_exchange3d","1","1","Fout","14","CALL mp_exchange3d (ng, tile, model, 1, LBi, UBi, LBj, UBj, LBk, UBk, NghostPoints, EWperiodic(ng), NSperiodic(ng), Fout)"
"set_avg.f90","1248","set_avg_tile","mp_exchange2d","1","1","AVERAGE(ng)%avgzeta","12","CALL mp_exchange2d (ng, tile, iNLM, 1, LBi, UBi, LBj, UBj, NghostPoints, EWperiodic(ng), NSperiodic(ng), AVERAGE(ng)%avgzeta)"
"set_avg.f90","1266","set_avg_tile","mp_exchange2d","1","1","AVERAGE(ng)%avgu2d","12","CALL mp_exchange2d (ng, tile, iNLM, 1, LBi, UBi, LBj, UBj, NghostPoints, EWperiodic(ng), NSperiodic(ng), AVERAGE(ng)%avgu2d)"
"set_avg.f90","1284","set_avg_tile","mp_exchange2d","1","1","AVERAGE(ng)%avgv2d","12","CALL mp_exchange2d (ng, tile, iNLM, 1, LBi, UBi, LBj, UBj, NghostPoints, EWperiodic(ng), NSperiodic(ng), AVERAGE(ng)%avgv2d)"
"set_avg.f90","1307","set_avg_tile","mp_exchange2d","2","2","AVERAGE(ng)%avgu2dE | AVERAGE(ng)%avgv2dN","13","CALL mp_exchange2d (ng, tile, iNLM, 2, LBi, UBi, LBj, UBj, NghostPoints, EWperiodic(ng), NSperiodic(ng), AVERAGE(ng)%avgu2dE, AVERAGE(ng)%avgv2dN)"
"set_avg.f90","1328","set_avg_tile","mp_exchange3d","1","1","AVERAGE(ng)%avgu3d","14","CALL mp_exchange3d (ng, tile, iNLM, 1, LBi, UBi, LBj, UBj, 1, N(ng), NghostPoints, EWperiodic(ng), NSperiodic(ng), AVERAGE(ng)%avgu3d)"
"set_avg.f90","1348","set_avg_tile","mp_exchange3d","1","1","AVERAGE(ng)%avgv3d","14","CALL mp_exchange3d (ng, tile, iNLM, 1, LBi, UBi, LBj, UBj, 1, N(ng), NghostPoints, EWperiodic(ng), NSperiodic(ng), AVERAGE(ng)%avgv3d)"
"set_avg.f90","1373","set_avg_tile","mp_exchange3d","2","2","AVERAGE(ng)%avgu3dE | AVERAGE(ng)%avgv3dN","15","CALL mp_exchange3d (ng, tile, iNLM, 2, LBi, UBi, LBj, UBj, 1, N(ng), NghostPoints, EWperiodic(ng), NSperiodic(ng), AVERAGE(ng)%avgu3dE, AVERAGE(ng)%avgv3dN)"
"set_avg.f90","1394","set_avg_tile","mp_exchange3d","1","1","AVERAGE(ng)%avgw3d","14","CALL mp_exchange3d (ng, tile, iNLM, 1, LBi, UBi, LBj, UBj, 0, N(ng), NghostPoints, EWperiodic(ng), NSperiodic(ng), AVERAGE(ng)%avgw3d)"
"set_avg.f90","1414","set_avg_tile","mp_exchange3d","1","1","AVERAGE(ng)%avgwvel","14","CALL mp_exchange3d (ng, tile, iNLM, 1, LBi, UBi, LBj, UBj, 0, N(ng), NghostPoints, EWperiodic(ng), NSperiodic(ng), AVERAGE(ng)%avgwvel)"
"set_avg.f90","1434","set_avg_tile","mp_exchange3d","1","1","AVERAGE(ng)%avgrho","14","CALL mp_exchange3d (ng, tile, iNLM, 1, LBi, UBi, LBj, UBj, 1, N(ng), NghostPoints, EWperiodic(ng), NSperiodic(ng), AVERAGE(ng)%avgrho)"
"set_avg.f90","1455","set_avg_tile","mp_exchange3d","1","1","AVERAGE(ng)%avgt(:,:,:,it)","14","CALL mp_exchange3d (ng, tile, iNLM, 1, LBi, UBi, LBj, UBj, 1, N(ng), NghostPoints, EWperiodic(ng), NSperiodic(ng), AVERAGE(ng)%avgt(:,:,:,it))"
"set_avg.f90","1476","set_avg_tile","mp_exchange3d","1","1","AVERAGE(ng)%avgAKv","14","CALL mp_exchange3d (ng, tile, iNLM, 1, LBi, UBi, LBj, UBj, 0, N(ng), NghostPoints, EWperiodic(ng), NSperiodic(ng), AVERAGE(ng)%avgAKv)"
"set_avg.f90","1496","set_avg_tile","mp_exchange3d","1","1","AVERAGE(ng)%avgAKt","14","CALL mp_exchange3d (ng, tile, iNLM, 1, LBi, UBi, LBj, UBj, 0, N(ng), NghostPoints, EWperiodic(ng), NSperiodic(ng), AVERAGE(ng)%avgAKt)"
"set_avg.f90","1516","set_avg_tile","mp_exchange3d","1","1","AVERAGE(ng)%avgAKs","14","CALL mp_exchange3d (ng, tile, iNLM, 1, LBi, UBi, LBj, UBj, 0, N(ng), NghostPoints, EWperiodic(ng), NSperiodic(ng), AVERAGE(ng)%avgAKs)"
"set_avg.f90","1537","set_avg_tile","mp_exchange2d","1","1","AVERAGE(ng)%avgsus","12","CALL mp_exchange2d (ng, tile, iNLM, 1, LBi, UBi, LBj, UBj, NghostPoints, EWperiodic(ng), NSperiodic(ng), AVERAGE(ng)%avgsus)"
"set_avg.f90","1555","set_avg_tile","mp_exchange2d","1","1","AVERAGE(ng)%avgsvs","12","CALL mp_exchange2d (ng, tile, iNLM, 1, LBi, UBi, LBj, UBj, NghostPoints, EWperiodic(ng), NSperiodic(ng), AVERAGE(ng)%avgsvs)"
"set_avg.f90","1573","set_avg_tile","mp_exchange2d","1","1","AVERAGE(ng)%avgbus","12","CALL mp_exchange2d (ng, tile, iNLM, 1, LBi, UBi, LBj, UBj, NghostPoints, EWperiodic(ng), NSperiodic(ng), AVERAGE(ng)%avgbus)"
"set_avg.f90","1591","set_avg_tile","mp_exchange2d","1","1","AVERAGE(ng)%avgbvs","12","CALL mp_exchange2d (ng, tile, iNLM, 1, LBi, UBi, LBj, UBj, NghostPoints, EWperiodic(ng), NSperiodic(ng), AVERAGE(ng)%avgbvs)"
"set_avg.f90","1609","set_avg_tile","mp_exchange2d","1","1","AVERAGE(ng)%avgstf","12","CALL mp_exchange2d (ng, tile, iNLM, 1, LBi, UBi, LBj, UBj, NghostPoints, EWperiodic(ng), NSperiodic(ng), AVERAGE(ng)%avgstf)"
"set_avg.f90","1627","set_avg_tile","mp_exchange2d","1","1","AVERAGE(ng)%avgswf","12","CALL mp_exchange2d (ng, tile, iNLM, 1, LBi, UBi, LBj, UBj, NghostPoints, EWperiodic(ng), NSperiodic(ng), AVERAGE(ng)%avgswf)"
"set_avg.f90","1645","set_avg_tile","mp_exchange2d","1","1","AVERAGE(ng)%avgsrf","12","CALL mp_exchange2d (ng, tile, iNLM, 1, LBi, UBi, LBj, UBj, NghostPoints, EWperiodic(ng), NSperiodic(ng), AVERAGE(ng)%avgsrf)"
"set_avg.f90","1666","set_avg_tile","mp_exchange2d","1","1","AVERAGE(ng)%avgpvor2d","12","CALL mp_exchange2d (ng, tile, iNLM, 1, LBi, UBi, LBj, UBj, NghostPoints, EWperiodic(ng), NSperiodic(ng), AVERAGE(ng)%avgpvor2d)"
"set_avg.f90","1684","set_avg_tile","mp_exchange2d","1","1","AVERAGE(ng)%avgrvor2d","12","CALL mp_exchange2d (ng, tile, iNLM, 1, LBi, UBi, LBj, UBj, NghostPoints, EWperiodic(ng), NSperiodic(ng), AVERAGE(ng)%avgrvor2d)"
"set_avg.f90","1704","set_avg_tile","mp_exchange3d","1","1","AVERAGE(ng)%avgpvor3d","14","CALL mp_exchange3d (ng, tile, iNLM, 1, LBi, UBi, LBj, UBj, 1, N(ng), NghostPoints, EWperiodic(ng), NSperiodic(ng), AVERAGE(ng)%avgpvor3d)"
"set_avg.f90","1724","set_avg_tile","mp_exchange3d","1","1","AVERAGE(ng)%avgrvor3d","14","CALL mp_exchange3d (ng, tile, iNLM, 1, LBi, UBi, LBj, UBj, 1, N(ng), NghostPoints, EWperiodic(ng), NSperiodic(ng), AVERAGE(ng)%avgrvor3d)"
"set_avg.f90","1745","set_avg_tile","mp_exchange2d","1","1","AVERAGE(ng)%avgZZ","12","CALL mp_exchange2d (ng, tile, iNLM, 1, LBi, UBi, LBj, UBj, NghostPoints, EWperiodic(ng), NSperiodic(ng), AVERAGE(ng)%avgZZ)"
"set_avg.f90","1763","set_avg_tile","mp_exchange2d","1","1","AVERAGE(ng)%avgU2","12","CALL mp_exchange2d (ng, tile, iNLM, 1, LBi, UBi, LBj, UBj, NghostPoints, EWperiodic(ng), NSperiodic(ng), AVERAGE(ng)%avgU2)"
"set_avg.f90","1781","set_avg_tile","mp_exchange2d","1","1","AVERAGE(ng)%avgV2","12","CALL mp_exchange2d (ng, tile, iNLM, 1, LBi, UBi, LBj, UBj, NghostPoints, EWperiodic(ng), NSperiodic(ng), AVERAGE(ng)%avgV2)"
"set_avg.f90","1801","set_avg_tile","mp_exchange3d","1","1","AVERAGE(ng)%avgUU","14","CALL mp_exchange3d (ng, tile, iNLM, 1, LBi, UBi, LBj, UBj, 1, N(ng), NghostPoints, EWperiodic(ng), NSperiodic(ng), AVERAGE(ng)%avgUU)"
"set_avg.f90","1821","set_avg_tile","mp_exchange3d","1","1","AVERAGE(ng)%avgVV","14","CALL mp_exchange3d (ng, tile, iNLM, 1, LBi, UBi, LBj, UBj, 1, N(ng), NghostPoints, EWperiodic(ng), NSperiodic(ng), AVERAGE(ng)%avgVV)"
"set_avg.f90","1841","set_avg_tile","mp_exchange3d","1","1","AVERAGE(ng)%avgUV","14","CALL mp_exchange3d (ng, tile, iNLM, 1, LBi, UBi, LBj, UBj, 1, N(ng), NghostPoints, EWperiodic(ng), NSperiodic(ng), AVERAGE(ng)%avgUV)"
"set_avg.f90","1861","set_avg_tile","mp_exchange3d","1","1","AVERAGE(ng)%avgHuon","14","CALL mp_exchange3d (ng, tile, iNLM, 1, LBi, UBi, LBj, UBj, 1, N(ng), NghostPoints, EWperiodic(ng), NSperiodic(ng), AVERAGE(ng)%avgHuon)"
"set_avg.f90","1881","set_avg_tile","mp_exchange3d","1","1","AVERAGE(ng)%avgHvom","14","CALL mp_exchange3d (ng, tile, iNLM, 1, LBi, UBi, LBj, UBj, 1, N(ng), NghostPoints, EWperiodic(ng), NSperiodic(ng), AVERAGE(ng)%avgHvom)"
"set_avg.f90","1902","set_avg_tile","mp_exchange3d","1","1","AVERAGE(ng)%avgTT(:,:,:,it)","14","CALL mp_exchange3d (ng, tile, iNLM, 1, LBi, UBi, LBj, UBj, 1, N(ng), NghostPoints, EWperiodic(ng), NSperiodic(ng), AVERAGE(ng)%avgTT(:,:,:,it))"
"set_avg.f90","1922","set_avg_tile","mp_exchange3d","1","1","AVERAGE(ng)%avgUT(:,:,:,it)","14","CALL mp_exchange3d (ng, tile, iNLM, 1, LBi, UBi, LBj, UBj, 1, N(ng), NghostPoints, EWperiodic(ng), NSperiodic(ng), AVERAGE(ng)%avgUT(:,:,:,it))"
"set_avg.f90","1942","set_avg_tile","mp_exchange3d","1","1","AVERAGE(ng)%avgVT(:,:,:,it)","14","CALL mp_exchange3d (ng, tile, iNLM, 1, LBi, UBi, LBj, UBj, 1, N(ng), NghostPoints, EWperiodic(ng), NSperiodic(ng), AVERAGE(ng)%avgVT(:,:,:,it))"
"set_avg.f90","1962","set_avg_tile","mp_exchange3d","1","1","AVERAGE(ng)%avgHuonT(:,:,:,it)","14","CALL mp_exchange3d (ng, tile, iNLM, 1, LBi, UBi, LBj, UBj, 1, N(ng), NghostPoints, EWperiodic(ng), NSperiodic(ng), AVERAGE(ng)%avgHuonT(:,:,:,it))"
"set_avg.f90","1982","set_avg_tile","mp_exchange3d","1","1","AVERAGE(ng)%avgHvomT(:,:,:,it)","14","CALL mp_exchange3d (ng, tile, iNLM, 1, LBi, UBi, LBj, UBj, 1, N(ng), NghostPoints, EWperiodic(ng), NSperiodic(ng), AVERAGE(ng)%avgHvomT(:,:,:,it))"
"set_data.f90","282","set_data_tile","mp_exchange2d","2","2","FORCES(ng)%sustr | FORCES(ng)%svstr","13","CALL mp_exchange2d (ng, tile, iNLM, 2, LBi, UBi, LBj, UBj, NghostPoints, EWperiodic(ng), NSperiodic(ng), FORCES(ng)%sustr, FORCES(ng)%svstr)"
"set_depth.f90","266","set_depth_tile","mp_exchange2d","1","1","h","12","CALL mp_exchange2d (ng, tile, iNLM, 1, LBi, UBi, LBj, UBj, NghostPoints, EWperiodic(ng), NSperiodic(ng), h)"
"set_depth.f90","271","set_depth_tile","mp_exchange3d","1","1","z_w","14","CALL mp_exchange3d (ng, tile, iNLM, 1, LBi, UBi, LBj, UBj, 0, N(ng), NghostPoints, EWperiodic(ng), NSperiodic(ng), z_w)"
"set_depth.f90","276","set_depth_tile","mp_exchange3d","2","2","z_r | Hz","15","CALL mp_exchange3d (ng, tile, iNLM, 2, LBi, UBi, LBj, UBj, 1, N(ng), NghostPoints, EWperiodic(ng), NSperiodic(ng), z_r, Hz)"
"set_depth.f90","503","set_depth0_tile","mp_exchange3d","1","1","z_w","14","CALL mp_exchange3d (ng, tile, iNLM, 1, LBi, UBi, LBj, UBj, 0, N(ng), NghostPoints, EWperiodic(ng), NSperiodic(ng), z_w)"
"set_depth.f90","508","set_depth0_tile","mp_exchange3d","1","1","z_r","14","CALL mp_exchange3d (ng, tile, iNLM, 1, LBi, UBi, LBj, UBj, 1, N(ng), NghostPoints, EWperiodic(ng), NSperiodic(ng), z_r)"
"set_masks.f90","248","set_masks_tile","mp_exchange2d","4","4","pmask_full | rmask_full | umask_full | vmask_full","15","CALL mp_exchange2d (ng, tile, model, 4, LBi, UBi, LBj, UBj, NghostPoints, EWperiodic(ng), NSperiodic(ng), pmask_full, rmask_full, umask_full, vmask_full)"
"set_masks.f90","293","set_masks_tile","mp_exchange2d","4","4","pmask_avg | rmask_avg | umask_avg | vmask_avg","15","CALL mp_exchange2d (ng, tile, model, 4, LBi, UBi, LBj, UBj, NghostPoints, EWperiodic(ng), NSperiodic(ng), pmask_avg, rmask_avg, umask_avg, vmask_avg)"
"set_masks.f90","442","set_avg_masks","mp_exchange2d","4","4","pmask_avg | rmask_avg | umask_avg | vmask_avg","15","CALL mp_exchange2d (ng, tile, model, 4, LBi, UBi, LBj, UBj, NghostPoints, EWperiodic(ng), NSperiodic(ng), pmask_avg, rmask_avg, umask_avg, vmask_avg)"
"set_massflux.f90","199","set_massflux_tile","mp_exchange3d","2","2","Huon | Hvom","15","CALL mp_exchange3d (ng, tile, iNLM, 2, LBi, UBi, LBj, UBj, 1, N(ng), NghostPoints, EWperiodic(ng), NSperiodic(ng), Huon, Hvom)"
"set_tides.f90","248","set_tides_tile","mp_exchange2d","1","1","CLIMA(ng)%ssh","12","CALL mp_exchange2d (ng, tile, iNLM, 1, LBi, UBi, LBj, UBj, NghostPoints, EWperiodic(ng), NSperiodic(ng), CLIMA(ng)%ssh)"
"set_tides.f90","395","set_tides_tile","mp_exchange2d","2","2","CLIMA(ng)%ubarclm | CLIMA(ng)%vbarclm","13","CALL mp_exchange2d (ng, tile, iNLM, 2, LBi, UBi, LBj, UBj, NghostPoints, EWperiodic(ng), NSperiodic(ng), CLIMA(ng)%ubarclm, CLIMA(ng)%vbarclm)"
"set_vbc.f90","268","set_vbc_tile","mp_exchange2d","2","2","bustr | bvstr","13","CALL mp_exchange2d (ng, tile, iNLM, 2, LBi, UBi, LBj, UBj, NghostPoints, EWperiodic(ng), NSperiodic(ng), bustr, bvstr)"
"set_zeta.f90","172","set_zeta_tile","mp_exchange2d","2","2","zeta(:,:,1) | zeta(:,:,2)","13","CALL mp_exchange2d (ng, tile, iNLM, 2, LBi, UBi, LBj, UBj, NghostPoints, EWperiodic(ng), NSperiodic(ng), zeta(:,:,1), zeta(:,:,2))"
"step2d.f90","329","step2d_tile","mp_exchange2d","2","2","DUon | DVom","13","CALL mp_exchange2d (ng, tile, iNLM, 2, IminS, ImaxS, JminS, JmaxS, NghostPoints, EWperiodic(ng), NSperiodic(ng), DUon, DVom)"
"step2d.f90","442","step2d_tile","mp_exchange2d","3","3","Zt_avg1 | DU_avg1 | DV_avg1","14","CALL mp_exchange2d (ng, tile, iNLM, 3, LBi, UBi, LBj, UBj, NghostPoints, EWperiodic(ng), NSperiodic(ng), Zt_avg1, DU_avg1, DV_avg1)"
"step2d.f90","447","step2d_tile","mp_exchange2d","2","2","DU_avg2 | DV_avg2","13","CALL mp_exchange2d (ng, tile, iNLM, 2, LBi, UBi, LBj, UBj, NghostPoints, EWperiodic(ng), NSperiodic(ng), DU_avg2, DV_avg2)"
"step2d.f90","572","step2d_tile","mp_exchange2d","1","1","rzeta(:,:,krhs)","12","CALL mp_exchange2d (ng, tile, iNLM, 1, LBi, UBi, LBj, UBj, NghostPoints, EWperiodic(ng), NSperiodic(ng), rzeta(:,:,krhs))"
"step2d.f90","606","step2d_tile","mp_exchange2d","1","1","zeta(:,:,knew)","12","CALL mp_exchange2d (ng, tile, iNLM, 1, LBi, UBi, LBj, UBj, NghostPoints, EWperiodic(ng), NSperiodic(ng), zeta(:,:,knew))"
"step2d.f90","1275","step2d_tile","mp_exchange2d","2","2","ubar(:,:,knew) | vbar(:,:,knew)","13","CALL mp_exchange2d (ng, tile, iNLM, 2, LBi, UBi, LBj, UBj, NghostPoints, EWperiodic(ng), NSperiodic(ng), ubar(:,:,knew), vbar(:,:,knew))"
"step3d_t.f90","628","step3d_t_tile","mp_exchange4d","1","1","t(:,:,:,nnew,:)","16","CALL mp_exchange4d (ng, tile, iNLM, 1, LBi, UBi, LBj, UBj, 1, N(ng), 1, NT(ng), NghostPoints, EWperiodic(ng), NSperiodic(ng), t(:,:,:,nnew,:))"
"step3d_uv.f90","764","step3d_uv_tile","mp_exchange3d","4","4","u(:,:,:,nnew) | v(:,:,:,nnew) | Huon | Hvom","17","CALL mp_exchange3d (ng, tile, iNLM, 4, LBi, UBi, LBj, UBj, 1, N(ng), NghostPoints, EWperiodic(ng), NSperiodic(ng), u(:,:,:,nnew), v(:,:,:,nnew), Huon, Hvom)"
"step3d_uv.f90","771","step3d_uv_tile","mp_exchange2d","4","4","ubar(:,:,1) | vbar(:,:,1) | ubar(:,:,2) | vbar(:,:,2)","15","CALL mp_exchange2d (ng, tile, iNLM, 4, LBi, UBi, LBj, UBj, NghostPoints, EWperiodic(ng), NSperiodic(ng), ubar(:,:,1), vbar(:,:,1), ubar(:,:,2), vbar(:,:,2))"
"step3d_uv_org.f90","764","step3d_uv_tile","mp_exchange3d","4","4","u(:,:,:,nnew) | v(:,:,:,nnew) | Huon | Hvom","17","CALL mp_exchange3d (ng, tile, iNLM, 4, LBi, UBi, LBj, UBj, 1, N(ng), NghostPoints, EWperiodic(ng), NSperiodic(ng), u(:,:,:,nnew), v(:,:,:,nnew), Huon, Hvom)"
"step3d_uv_org.f90","771","step3d_uv_tile","mp_exchange2d","4","4","ubar(:,:,1) | vbar(:,:,1) | ubar(:,:,2) | vbar(:,:,2)","15","CALL mp_exchange2d (ng, tile, iNLM, 4, LBi, UBi, LBj, UBj, NghostPoints, EWperiodic(ng), NSperiodic(ng), ubar(:,:,1), vbar(:,:,1), ubar(:,:,2), vbar(:,:,2))"
"uv_rotate.f90","160","uv_rotate2d","mp_exchange2d","2","2","Uout | Vout","13","CALL mp_exchange2d (ng, tile, iNLM, 2, LBi, UBi, LBj, UBj, NghostPoints, EWperiodic(ng), NSperiodic(ng), Uout, Vout)"
"uv_rotate.f90","310","uv_rotate3d","mp_exchange3d","2","2","Uout | Vout","15","CALL mp_exchange3d (ng, tile, iNLM, 2, LBi, UBi, LBj, UBj, LBk, UBk, NghostPoints, EWperiodic(ng), NSperiodic(ng), Uout, Vout)"
"vorticity.f90","365","vorticity_tile","mp_exchange3d","2","2","pvor | rvor","15","CALL mp_exchange3d (ng, tile, iNLM, 2, LBi, UBi, LBj, UBj, 1, N(ng), NghostPoints, EWperiodic(ng), NSperiodic(ng), pvor, rvor)"
"vorticity.f90","407","vorticity_tile","mp_exchange2d","2","2","pvor_bar | rvor_bar","13","CALL mp_exchange2d (ng, tile, iNLM, 2, LBi, UBi, LBj, UBj, NghostPoints, EWperiodic(ng), NSperiodic(ng), pvor_bar, rvor_bar)"
"wetdry.f90","266","wetdry_tile","mp_exchange2d","1","1","rmask_wet_avg","12","CALL mp_exchange2d (ng, tile, iNLM, 1, LBi, UBi, LBj, UBj, NghostPoints, EWperiodic(ng), NSperiodic(ng), rmask_wet_avg)"
"wetdry.f90","355","wetdry_tile","mp_exchange2d","4","4","pmask_full | rmask_full | umask_full | vmask_full","15","CALL mp_exchange2d (ng, tile, iNLM, 4, LBi, UBi, LBj, UBj, NghostPoints, EWperiodic(ng), NSperiodic(ng), pmask_full, rmask_full, umask_full, vmask_full)"
"wetdry.f90","562","wetdry_ini_tile","mp_exchange2d","4","4","pmask_full | rmask_full | umask_full | vmask_full","15","CALL mp_exchange2d (ng, tile, iNLM, 4, LBi, UBi, LBj, UBj, NghostPoints, EWperiodic(ng), NSperiodic(ng), pmask_full, rmask_full, umask_full, vmask_full)"
"wetdry.f90","770","wetdry_mask_tile","mp_exchange2d","4","4","pmask_wet | rmask_wet | umask_wet | vmask_wet","15","CALL mp_exchange2d (ng, tile, iNLM, 4, LBi, UBi, LBj, UBj, NghostPoints, EWperiodic(ng), NSperiodic(ng), pmask_wet, rmask_wet, umask_wet, vmask_wet)"
"wetdry.f90","999","wetdry_avg_mask_tile","mp_exchange2d","4","4","pmask_wet | rmask_wet | umask_wet | vmask_wet","15","CALL mp_exchange2d (ng, tile, iNLM, 4, LBi, UBi, LBj, UBj, NghostPoints, EWperiodic(ng), NSperiodic(ng), pmask_wet, rmask_wet, umask_wet, vmask_wet)"
"wvelocity.f90","207","wvelocity_tile","mp_exchange2d","2","2","DU_avg1 | DV_avg1","13","CALL mp_exchange2d (ng, tile, iNLM, 2, LBi, UBi, LBj, UBj, NghostPoints, EWperiodic(ng), NSperiodic(ng), DU_avg1, DV_avg1)"
"wvelocity.f90","310","wvelocity_tile","mp_exchange3d","1","1","wvel","14","CALL mp_exchange3d (ng, tile, iNLM, 1, LBi, UBi, LBj, UBj, 0, N(ng), NghostPoints, EWperiodic(ng), NSperiodic(ng), wvel)"
