"File","Subroutine","FromLine","ToLine","FromRoutine","ToRoutine","FromNvar","ToNvar","InterveningStatements","HasCall","HasAssignment","Preview"
"get_grid.f90","get_grid","252","286","mp_exchange2d","mp_exchange2d","1","1","13","True","True","CASE ('mask_rho') || gtype=r2dvar || status=nf_fread2d(ng, model, ncname, GRD(ng)%ncid, var_name(i), var_id(i), 0, gtype, Vsize, LBi, UBi, LBj, UBj, Fscl, Fmin, Fmax, GRID(ng) % rmask, GRID(ng) % rmask) || IF (status.ne.nf90_noerr) THEN || exit_flag=2 || ioerror=status"
"get_grid.f90","get_grid","286","320","mp_exchange2d","mp_exchange2d","1","1","13","True","True","CASE ('mask_u') || gtype=u2dvar || status=nf_fread2d(ng, model, ncname, GRD(ng)%ncid, var_name(i), var_id(i), 0, gtype, Vsize, LBi, UBi, LBj, UBj, Fscl, Fmin, Fmax, GRID(ng) % umask, GRID(ng) % umask) || IF (status.ne.nf90_noerr) THEN || exit_flag=2 || ioerror=status"
"get_grid.f90","get_grid","320","354","mp_exchange2d","mp_exchange2d","1","1","13","True","True","CASE ('mask_v') || gtype=v2dvar || status=nf_fread2d(ng, model, ncname, GRD(ng)%ncid, var_name(i), var_id(i), 0, gtype, Vsize, LBi, UBi, LBj, UBj, Fscl, Fmin, Fmax, GRID(ng) % vmask, GRID(ng) % vmask) || IF (status.ne.nf90_noerr) THEN || exit_flag=2 || ioerror=status"
"get_grid.f90","get_grid","354","381","mp_exchange2d","mp_exchange2d","1","1","11","True","True","CASE ('mask_psi') || gtype=p2dvar || status=nf_fread2d(ng, model, ncname, GRD(ng)%ncid, var_name(i), var_id(i), 0, gtype, Vsize, LBi, UBi, LBj, UBj, Fscl, Fmin, Fmax, GRID(ng) % pmask, GRID(ng) % pmask) || IF (status.ne.nf90_noerr) THEN || exit_flag=2 || ioerror=status"
"get_grid.f90","get_grid","381","409","mp_exchange2d","mp_exchange2d","1","1","12","True","True","CASE ('visc_factor') || IF (LuvSponge(ng)) THEN || gtype=r2dvar || status=nf_fread2d(ng, model, ncname, GRD(ng)%ncid, var_name(i), var_id(i), 0, gtype, Vsize, LBi, UBi, LBj, UBj, Fscl, Fmin, Fmax, GRID(ng) % rmask, MIXING(ng) % visc_factor) || IF (status.ne.nf90_noerr) THEN || exit_flag=2"
"get_grid.f90","get_grid","409","438","mp_exchange2d","mp_exchange2d","1","1","13","True","True","END IF || CASE ('diff_factor') || IF (ANY(LtracerSponge(:,ng))) THEN || gtype=r2dvar || status=nf_fread2d(ng, model, ncname, GRD(ng)%ncid, var_name(i), var_id(i), 0, gtype, Vsize, LBi, UBi, LBj, UBj, Fscl, Fmin, Fmax, GRID(ng) % rmask, MIXING(ng) % diff_factor) || IF (status.ne.nf90_noerr) THEN"
"get_grid.f90","get_grid","438","473","mp_exchange2d","mp_exchange2d","1","1","14","True","True","END IF || CASE ('f') || gtype=r2dvar || status=nf_fread2d(ng, model, ncname, GRD(ng)%ncid, var_name(i), var_id(i), 0, gtype, Vsize, LBi, UBi, LBj, UBj, Fscl, Fmin, Fmax, GRID(ng) % rmask, GRID(ng) % f) || IF (status.ne.nf90_noerr) THEN || exit_flag=2"
"get_grid.f90","get_grid","473","508","mp_exchange2d","mp_exchange2d","1","1","13","True","True","CASE ('pm') || gtype=r2dvar || status=nf_fread2d(ng, model, ncname, GRD(ng)%ncid, var_name(i), var_id(i), 0, gtype, Vsize, LBi, UBi, LBj, UBj, Fscl, Fmin, Fmax, GRID(ng) % rmask, GRID(ng) % pm) || IF (status.ne.nf90_noerr) THEN || exit_flag=2 || ioerror=status"
"get_grid.f90","get_grid","508","543","mp_exchange2d","mp_exchange2d","1","1","13","True","True","CASE ('pn') || gtype=r2dvar || status=nf_fread2d(ng, model, ncname, GRD(ng)%ncid, var_name(i), var_id(i), 0, gtype, Vsize, LBi, UBi, LBj, UBj, Fscl, Fmin, Fmax, GRID(ng) % rmask, GRID(ng) % pn) || IF (status.ne.nf90_noerr) THEN || exit_flag=2 || ioerror=status"
"get_grid.f90","get_grid","543","577","mp_exchange2d","mp_exchange2d","1","1","13","True","True","CASE ('dmde') || gtype=r2dvar || status=nf_fread2d(ng, model, ncname, GRD(ng)%ncid, var_name(i), var_id(i), 0, gtype, Vsize, LBi, UBi, LBj, UBj, Fscl, Fmin, Fmax, GRID(ng) % rmask, GRID(ng) % dmde) || IF (status.ne.nf90_noerr) THEN || exit_flag=2 || ioerror=status"
"get_grid.f90","get_grid","577","611","mp_exchange2d","mp_exchange2d","1","1","13","True","True","CASE ('dndx') || gtype=r2dvar || status=nf_fread2d(ng, model, ncname, GRD(ng)%ncid, var_name(i), var_id(i), 0, gtype, Vsize, LBi, UBi, LBj, UBj, Fscl, Fmin, Fmax, GRID(ng) % rmask, GRID(ng) % dndx) || IF (status.ne.nf90_noerr) THEN || exit_flag=2 || ioerror=status"
"get_grid.f90","get_grid","611","633","mp_exchange2d","mp_exchange2d","1","1","8","False","True","CASE ('x_psi') || gtype=p2dvar || status=nf_fread2d(ng, model, ncname, GRD(ng)%ncid, var_name(i), var_id(i), 0, gtype, Vsize, LBi, UBi, LBj, UBj, Fscl, Fmin, Fmax, GRID(ng) % pmask, GRID(ng) % xp) || IF (status.ne.nf90_noerr) THEN || exit_flag=2 || ioerror=status"
"get_grid.f90","get_grid","633","655","mp_exchange2d","mp_exchange2d","1","1","8","False","True","CASE ('y_psi') || gtype=p2dvar || status=nf_fread2d(ng, model, ncname, GRD(ng)%ncid, var_name(i), var_id(i), 0, gtype, Vsize, LBi, UBi, LBj, UBj, Fscl, Fmin, Fmax, GRID(ng) % pmask, GRID(ng) % yp) || IF (status.ne.nf90_noerr) THEN || exit_flag=2 || ioerror=status"
"get_grid.f90","get_grid","655","686","mp_exchange2d","mp_exchange2d","1","1","12","True","True","CASE ('x_rho') || gtype=r2dvar || status=nf_fread2d(ng, model, ncname, GRD(ng)%ncid, var_name(i), var_id(i), 0, gtype, Vsize, LBi, UBi, LBj, UBj, Fscl, Fmin, Fmax, GRID(ng) % rmask, GRID(ng) % xr) || IF (status.ne.nf90_noerr) THEN || exit_flag=2 || ioerror=status"
"get_grid.f90","get_grid","686","717","mp_exchange2d","mp_exchange2d","1","1","12","True","True","CASE ('y_rho') || gtype=r2dvar || status=nf_fread2d(ng, model, ncname, GRD(ng)%ncid, var_name(i), var_id(i), 0, gtype, Vsize, LBi, UBi, LBj, UBj, Fscl, Fmin, Fmax, GRID(ng) % rmask, GRID(ng) % yr) || IF (status.ne.nf90_noerr) THEN || exit_flag=2 || ioerror=status"
"get_grid.f90","get_grid","717","748","mp_exchange2d","mp_exchange2d","1","1","12","True","True","CASE ('x_u') || gtype=u2dvar || status=nf_fread2d(ng, model, ncname, GRD(ng)%ncid, var_name(i), var_id(i), 0, gtype, Vsize, LBi, UBi, LBj, UBj, Fscl, Fmin, Fmax, GRID(ng) % umask, GRID(ng) % xu) || IF (status.ne.nf90_noerr) THEN || exit_flag=2 || ioerror=status"
"get_grid.f90","get_grid","748","779","mp_exchange2d","mp_exchange2d","1","1","12","True","True","CASE ('y_u') || gtype=u2dvar || status=nf_fread2d(ng, model, ncname, GRD(ng)%ncid, var_name(i), var_id(i), 0, gtype, Vsize, LBi, UBi, LBj, UBj, Fscl, Fmin, Fmax, GRID(ng) % umask, GRID(ng) % yu) || IF (status.ne.nf90_noerr) THEN || exit_flag=2 || ioerror=status"
"get_grid.f90","get_grid","779","810","mp_exchange2d","mp_exchange2d","1","1","12","True","True","CASE ('x_v') || gtype=v2dvar || status=nf_fread2d(ng, model, ncname, GRD(ng)%ncid, var_name(i), var_id(i), 0, gtype, Vsize, LBi, UBi, LBj, UBj, Fscl, Fmin, Fmax, GRID(ng) % vmask, GRID(ng) % xv) || IF (.not.spherical) THEN || CALL fill_contact(ng, model, tile, cr, Vcontact(cr)%Npoints, Vcontact, v2dvar, var_name(i), spval_check, LBi, UBi, LBj, UBj, CONTACT_METRIC(cr) % Xv, GRID(ng) % xv) || IF (exit_flag.ne.NoError) RETURN"
"get_grid.f90","get_grid","810","841","mp_exchange2d","mp_exchange2d","1","1","12","True","True","CASE ('y_v') || gtype=v2dvar || status=nf_fread2d(ng, model, ncname, GRD(ng)%ncid, var_name(i), var_id(i), 0, gtype, Vsize, LBi, UBi, LBj, UBj, Fscl, Fmin, Fmax, GRID(ng) % vmask, GRID(ng) % yv) || IF (status.ne.nf90_noerr) THEN || exit_flag=2 || ioerror=status"
"get_grid.f90","get_grid","841","864","mp_exchange2d","mp_exchange2d","1","1","9","False","True","CASE ('lon_psi') || IF (spherical) THEN || gtype=p2dvar || status=nf_fread2d(ng, model, ncname, GRD(ng)%ncid, var_name(i), var_id(i), 0, gtype, Vsize, LBi, UBi, LBj, UBj, Fscl, Fmin, Fmax, GRID(ng) % pmask, GRID(ng) % lonp) || IF (status.ne.nf90_noerr) THEN || exit_flag=2"
"get_grid.f90","get_grid","864","888","mp_exchange2d","mp_exchange2d","1","1","10","False","True","END IF || CASE ('lat_psi') || IF (spherical) THEN || gtype=p2dvar || status=nf_fread2d(ng, model, ncname, GRD(ng)%ncid, var_name(i), var_id(i), 0, gtype, Vsize, LBi, UBi, LBj, UBj, Fscl, Fmin, Fmax, GRID(ng) % pmask, GRID(ng) % latp) || IF (status.ne.nf90_noerr) THEN"
"get_grid.f90","get_grid","888","919","mp_exchange2d","mp_exchange2d","1","1","12","True","True","END IF || CASE ('lon_rho') || IF (spherical) THEN || gtype=r2dvar || status=nf_fread2d(ng, model, ncname, GRD(ng)%ncid, var_name(i), var_id(i), 0, gtype, Vsize, LBi, UBi, LBj, UBj, Fscl, LonMin(ng), LonMax(ng), GRID(ng) % rmask, GRID(ng) % lonr) || IF (status.ne.nf90_noerr) THEN"
"get_grid.f90","get_grid","919","950","mp_exchange2d","mp_exchange2d","1","1","12","True","True","END IF || CASE ('lat_rho') || IF (spherical) THEN || gtype=r2dvar || status=nf_fread2d(ng, model, ncname, GRD(ng)%ncid, var_name(i), var_id(i), 0, gtype, Vsize, LBi, UBi, LBj, UBj, Fscl, LatMin(ng), LatMax(ng), GRID(ng) % rmask, GRID(ng) % latr) || IF (status.ne.nf90_noerr) THEN"
"get_grid.f90","get_grid","950","981","mp_exchange2d","mp_exchange2d","1","1","12","True","True","END IF || CASE ('lon_u') || IF (spherical) THEN || gtype=u2dvar || status=nf_fread2d(ng, model, ncname, GRD(ng)%ncid, var_name(i), var_id(i), 0, gtype, Vsize, LBi, UBi, LBj, UBj, Fscl, Fmin, Fmax, GRID(ng) % umask, GRID(ng) % lonu) || IF (status.ne.nf90_noerr) THEN"
"get_grid.f90","get_grid","981","1012","mp_exchange2d","mp_exchange2d","1","1","12","True","True","END IF || CASE ('lat_u') || IF (spherical) THEN || gtype=u2dvar || status=nf_fread2d(ng, model, ncname, GRD(ng)%ncid, var_name(i), var_id(i), 0, gtype, Vsize, LBi, UBi, LBj, UBj, Fscl, Fmin, Fmax, GRID(ng) % umask, GRID(ng) % latu) || IF (status.ne.nf90_noerr) THEN"
"get_grid.f90","get_grid","1012","1043","mp_exchange2d","mp_exchange2d","1","1","12","True","True","END IF || CASE ('lon_v') || IF (spherical) THEN || gtype=v2dvar || status=nf_fread2d(ng, model, ncname, GRD(ng)%ncid, var_name(i), var_id(i), 0, gtype, Vsize, LBi, UBi, LBj, UBj, Fscl, Fmin, Fmax, GRID(ng) % vmask, GRID(ng) % lonv) || IF (status.ne.nf90_noerr) THEN"
"get_grid.f90","get_grid","1043","1074","mp_exchange2d","mp_exchange2d","1","1","12","True","True","END IF || CASE ('lat_v') || IF (spherical) THEN || gtype=v2dvar || status=nf_fread2d(ng, model, ncname, GRD(ng)%ncid, var_name(i), var_id(i), 0, gtype, Vsize, LBi, UBi, LBj, UBj, Fscl, Fmin, Fmax, GRID(ng) % vmask, GRID(ng) % latv) || IF (status.ne.nf90_noerr) THEN"
"get_grid.f90","get_grid","1074","1109","mp_exchange2d","mp_exchange2d","1","1","14","True","True","END IF || CASE ('angle') || gtype=r2dvar || status=nf_fread2d(ng, model, ncname, GRD(ng)%ncid, var_name(i), var_id(i), 0, gtype, Vsize, LBi, UBi, LBj, UBj, Fscl, Fmin, Fmax, GRID(ng) % rmask, GRID(ng) % angler) || IF (status.ne.nf90_noerr) THEN || exit_flag=2"
"get_nudgcoef.f90","get_nudgcoef","193","243","mp_exchange2d","mp_exchange3d","1","1","26","True","True","END IF || IF (LnudgeM3CLM(ng)) THEN || gtype=r3dvar || vindex=idM3nc || Fscl=1.0_r8/day2sec ! default units: 1/day || CALL netcdf_inq_var (ng, model, ncname, MyVarName = TRIM(Vname(1,vindex)), VarID = NUD(ng)%Vid(vindex), nVarDim = nvdim, nVarAtt = nvatt)"
"get_nudgcoef.f90","get_nudgcoef","243","307","mp_exchange3d","mp_exchange4d","1","1","37","True","True","END IF || ic=0 || DO itrc=1,NT(ng) || IF (LnudgeTCLM(itrc,ng)) THEN || ic=ic+1 || gtype=r3dvar"
"get_state.f90","get_state","750","783","mp_exchange3d","mp_exchange3d","1","1","17","False","True","END IF || IF (have_var(idTdif)) THEN || foundit=find_string(var_name, n_var, TRIM(Vname(1,idTdif)), varid) || gtype=var_flag(varid)*w3dvar || status=nf_fread3d(ng, IDmod, ncname, ncINPid, Vname(1,idTdif), varid, InpRec, gtype, Vsize, LBi, UBi, LBj, UBj, 0, N(ng), Fscl, Fmin,Fmax, GRID(ng) % rmask, MIXING(ng) % AKt(:,:,:,itemp)) || IF (status.ne.nf90_noerr) THEN"
"get_state.f90","get_state","783","816","mp_exchange3d","mp_exchange3d","1","1","17","False","True","END IF || IF (have_var(idSdif)) THEN || foundit=find_string(var_name, n_var, TRIM(Vname(1,idSdif)), varid) || gtype=var_flag(varid)*w3dvar || status=nf_fread3d(ng, IDmod, ncname, ncINPid, Vname(1,idSdif), varid, InpRec, gtype, Vsize, LBi, UBi, LBj, UBj, 0, N(ng), Fscl, Fmin,Fmax, GRID(ng) % rmask, MIXING(ng) % AKt(:,:,:,isalt)) || IF (status.ne.nf90_noerr) THEN"
"gls_corstep.f90","gls_corstep_tile","885","892","mp_exchange3d","mp_exchange4d","3","1","0","False","False",""
"ini_fields.f90","ini_fields_tile","280","384","mp_exchange3d","mp_exchange2d","4","4","56","True","True","IF (.not.PerfectRST(ng)) THEN || DO j=JstrB,JendB || DO i=IstrM,IendB || DC(i,0)=0.0_r8 || CF(i,0)=0.0_r8 || END DO"
"ini_fields.f90","ini_fields_tile","384","438","mp_exchange2d","mp_exchange4d","4","2","26","True","True","ic=0 || IF (.not.PerfectRST(ng)) THEN || DO itrc=1,NT(ng) || IF (LtracerCLM(itrc,ng).and.LnudgeTCLM(itrc,ng)) THEN || ic=ic+1 || END IF"
"ini_fields.f90","ini_fields_tile","438","470","mp_exchange4d","mp_exchange3d","2","3","10","True","True","IF (PerfectRST(ng)) THEN || IF (EWperiodic(ng).or.NSperiodic(ng)) THEN || DO i=1,2 || CALL exchange_u2d_tile (ng, tile, LBi, UBi, LBj, UBj, rubar(:,:,i)) || CALL exchange_v2d_tile (ng, tile, LBi, UBi, LBj, UBj, rvbar(:,:,i)) || CALL exchange_r2d_tile (ng, tile, LBi, UBi, LBj, UBj, rzeta(:,:,i))"
"ini_fields.f90","ini_fields_tile","470","475","mp_exchange3d","mp_exchange4d","3","2","0","False","False",""
"ini_fields.f90","ini_zeta_tile","698","705","mp_exchange2d","mp_exchange2d","2","1","1","False","False","IF (PerfectRST(ng)) THEN"
"ini_fields.f90","ini_zeta_tile","705","711","mp_exchange2d","mp_exchange2d","1","1","1","False","False","END IF"
"ini_fields.f90","ini_zeta_tile","711","733","mp_exchange2d","mp_exchange2d","1","1","8","True","True","DO j=JstrT,JendT || DO i=IstrT,IendT || Zt_avg1(i,j)=zeta(i,j,kstp) || END DO || END DO || IF (EWperiodic(ng).or.NSperiodic(ng)) THEN"
"ini_hmixcoef.f90","ini_hmixcoef_tile","311","316","mp_exchange2d","mp_exchange3d","2","1","0","False","False",""
"metrics.f90","metrics_tile","274","300","mp_exchange2d","mp_exchange2d","4","2","10","True","True","DO j=JstrT,JendT || DO i=IstrT,IendT || pnom_r(i,j)=pn(i,j)/pm(i,j) || pmon_r(i,j)=pm(i,j)/pn(i,j) || END DO || END DO"
"metrics.f90","metrics_tile","300","334","mp_exchange2d","mp_exchange2d","2","4","14","True","True","DO j=JstrT,JendT || DO i=IstrP,IendT || pmon_u(i,j)=(pm(i-1,j)+pm(i,j))/(pn(i-1,j)+pn(i,j)) || pnom_u(i,j)=(pn(i-1,j)+pn(i,j))/(pm(i-1,j)+pm(i,j)) || om_u(i,j)=2.0_r8/(pm(i-1,j)+pm(i,j)) || on_u(i,j)=2.0_r8/(pn(i-1,j)+pn(i,j))"
"metrics.f90","metrics_tile","334","368","mp_exchange2d","mp_exchange2d","4","4","14","True","True","DO j=JstrP,JendT || DO i=IstrT,IendT || pmon_v(i,j)=(pm(i,j-1)+pm(i,j))/(pn(i,j-1)+pn(i,j)) || pnom_v(i,j)=(pn(i,j-1)+pn(i,j))/(pm(i,j-1)+pm(i,j)) || om_v(i,j)=2.0_r8/(pm(i,j-1)+pm(i,j)) || on_v(i,j)=2.0_r8/(pn(i,j-1)+pn(i,j))"
"metrics.f90","metrics_tile","368","404","mp_exchange2d","mp_exchange2d","4","4","14","True","True","DO j=JstrP,JendT || DO i=IstrP,IendT || pnom_p(i,j)=(pn(i-1,j-1)+pn(i-1,j)+pn(i,j-1)+pn(i,j))/ (pm(i-1,j-1)+pm(i-1,j)+pm(i,j-1)+pm(i,j)) || pmon_p(i,j)=(pm(i-1,j-1)+pm(i-1,j)+pm(i,j-1)+pm(i,j))/ (pn(i-1,j-1)+pn(i-1,j)+pn(i,j-1)+pn(i,j)) || om_p(i,j)=4.0_r8/(pm(i-1,j-1)+pm(i-1,j)+pm(i,j-1)+pm(i,j)) || on_p(i,j)=4.0_r8/(pn(i-1,j-1)+pn(i-1,j)+pn(i,j-1)+pn(i,j))"
"metrics.f90","metrics_tile","404","478","mp_exchange2d","mp_exchange2d","4","1","30","True","True","cff1=1.0_r8 ! computation of off-diagonal nonlinear terms || cff2=2.0_r8 || DO j=JstrP,JendP || DO i=IstrP,IendP || IF ((rmask(i-1,j ).gt.0.5_r8).and. (rmask(i ,j ).gt.0.5_r8).and. (rmask(i-1,j-1).gt.0.5_r8).and. (rmask(i ,j-1).gt.0.5_r8)) THEN || pmask(i,j)=1.0_r8"
"metrics.f90","metrics_tile","478","504","mp_exchange2d","mp_exchange2d","1","2","10","True","True","DO j=JstrT,JendT || DO i=IstrT,IendT || CosAngler(i,j)=COS(angler(i,j)) || SinAngler(i,j)=SIN(angler(i,j)) || END DO || END DO"
"metrics.f90","metrics_tile","504","528","mp_exchange2d","mp_exchange2d","2","1","9","True","True","cff=0.0_r8 || DO j=JstrT,JendT || DO i=IstrT,IendT || grdscl(i,j)=SQRT(om_r(i,j)*on_r(i,j)) || END DO || END DO"
"metrics.f90","metrics_tile","528","560","mp_exchange2d","mp_exchange2d","1","1","12","True","True","my_DiffMin= Large || my_DiffMax=-Large || DO j=JstrT,JendT || DO i=IstrT,IendT || Hdiffusion(i,j)=PecletCoef*Uscale*grdscl(i,j)**3 || my_DiffMin=MIN(my_DiffMin, Hdiffusion(i,j))"
"nesting.f90","put_composite","1948","1980","mp_exchange2d","mp_exchange2d","2","1","14","True","True","END IF || IF ((isection.eq.nFSIC).or. (isection.eq.nzeta).or. (isection.eq.n2dPS).or. (isection.eq.n2dCS)) THEN || IF (isection.eq.nzeta) THEN || nrec=2 ! process time records 1 and 2 || ELSE || nrec=1 ! process knew record"
"nesting.f90","put_composite","1980","1999","mp_exchange2d","mp_exchange2d","1","1","5","True","True","END DO || END IF || IF (isection.eq.n2dPS) THEN || Tindex=1 || CALL put_contact2d (rg, model, tile, r2dvar, Vname(1,idRzet), cr, Rcontact(cr)%Npoints, Rcontact, LBi, UBi, LBj, UBj, GRID(rg) % rmask, COMPOSITE(cr) % rzeta, OCEAN(rg) % rzeta(:,:,Tindex))"
"nesting.f90","put_composite","1999","2038","mp_exchange2d","mp_exchange2d","1","2","15","True","True","END IF || IF ((isection.eq.n2dIC).or. (isection.eq.n2dPS).or. (isection.eq.n2dCS).or. (isection.eq.n3duv)) THEN || IF (isection.eq.n3duv) THEN || nrec=2 ! process time records 1 and 2 || ELSE || nrec=1 ! process knew record"
"nesting.f90","put_composite","2038","2072","mp_exchange2d","mp_exchange2d","2","3","6","True","False","END DO || END IF || IF (isection.eq.n2dfx) THEN || CALL put_contact2d (rg, model, tile, r2dvar, 'Zt_avg1', cr, Rcontact(cr)%Npoints, Rcontact, LBi, UBi, LBj, UBj, GRID(rg) % rmask, COMPOSITE(cr) % Zt_avg1, COUPLING(rg) % Zt_avg1) || CALL put_contact2d (rg, model, tile, u2dvar, Vname(1,idUfx1), cr, Ucontact(cr)%Npoints, Ucontact, LBi, UBi, LBj, UBj, GRID(rg) % umask, COMPOSITE(cr) % DU_avg1, COUPLING(rg) % DU_avg1) || CALL put_contact2d (rg, model, tile, v2dvar, Vname(1,idVfx1), cr, Vcontact(cr)%Npoints, Vcontact, LBi, UBi, LBj, UBj, GRID(rg) % vmask, COMPOSITE(cr) % DV_avg1, COUPLING(rg) % DV_avg1)"
"nesting.f90","put_composite","2072","2100","mp_exchange2d","mp_exchange4d","3","1","10","True","True","END IF || IF ((isection.eq.nTVIC).or. (isection.eq.nrhst).or. (isection.eq.n3dTV)) THEN || DO itrc=1,NT(ng) || IF (isection.eq.nrhst) THEN || Tindex=3 || ELSE"
"nesting.f90","put_composite","2100","2126","mp_exchange4d","mp_exchange3d","1","2","5","True","True","END IF || IF ((isection.eq.n3dIC).or. (isection.eq.n3duv)) THEN || Tindex=nnew(rg) || CALL put_contact3d (rg, model, tile, u3dvar, Vname(1,idUvel), cr, Ucontact(cr)%Npoints, Ucontact, LBi, UBi, LBj, UBj, 1, N(rg), GRID(rg) % umask, COMPOSITE(cr) % u, OCEAN(rg) % u(:,:,:,Tindex)) || CALL put_contact3d (rg, model, tile, v3dvar, Vname(1,idVvel), cr, Vcontact(cr)%Npoints, Vcontact, LBi, UBi, LBj, UBj, 1, N(rg), GRID(rg) % vmask, COMPOSITE(cr) % v, OCEAN(rg) % v(:,:,:,Tindex))"
"nesting.f90","put_composite","2126","2151","mp_exchange3d","mp_exchange3d","2","2","4","True","False","END IF || IF (isection.eq.n3duv) THEN || CALL put_contact3d (rg, model, tile, u3dvar, 'Huon', cr, Ucontact(cr)%Npoints, Ucontact, LBi, UBi, LBj, UBj, 1, N(rg), GRID(rg) % umask, COMPOSITE(cr) % Huon, GRID(rg) % Huon) || CALL put_contact3d (rg, model, tile, v3dvar, 'Hvom', cr, Vcontact(cr)%Npoints, Vcontact, LBi, UBi, LBj, UBj, 1, N(rg), GRID(rg) % vmask, COMPOSITE(cr) % Hvom, GRID(rg) % Hvom)"
"nesting.f90","fine2coarse","2918","2923","mp_exchange2d","mp_exchange2d","1","4","0","False","False",""
"nesting.f90","fine2coarse","2923","2931","mp_exchange2d","mp_exchange3d","4","2","0","False","False",""
"nesting.f90","fine2coarse","2931","2937","mp_exchange3d","mp_exchange4d","2","1","0","False","False",""
"nesting.f90","put_refine2d","5049","5062","mp_exchange2d","mp_exchange2d","4","3","1","False","False","ELSE"
"nesting.f90","put_refine2d","5062","5069","mp_exchange2d","mp_exchange2d","3","3","0","False","False",""
"nesting.f90","put_refine3d","5346","5353","mp_exchange4d","mp_exchange3d","3","4","0","False","False",""
"obc_volcons.f90","set_DUV_bc_tile","403","410","mp_exchange2d","mp_exchange2d","1","1","2","False","False","END IF || IF (VolCons(isouth,ng).or.VolCons(inorth,ng)) THEN"
"rho_eos.f90","rho_eos_tile","366","371","mp_exchange3d","mp_exchange2d","2","2","0","False","False",""
"rho_eos.f90","rho_eos_tile","371","376","mp_exchange2d","mp_exchange3d","2","1","0","False","False",""
"set_2dfld.f90","set_2dfld_tile","225","231","mp_exchange2d","mp_exchange2d","1","1","1","False","False","ELSE"
"set_3dfld.f90","set_3dfld_tile","238","244","mp_exchange3d","mp_exchange3d","1","1","1","False","False","ELSE"
"set_avg.f90","set_avg_tile","1248","1266","mp_exchange2d","mp_exchange2d","1","1","10","True","True","END IF || END IF || IF (Aout(idUbar,ng)) THEN || DO j=JstrR,JendR || DO i=Istr,IendR || AVERAGE(ng)%avgu2d(i,j)=ufac(i,j)* AVERAGE(ng)%avgu2d(i,j)"
"set_avg.f90","set_avg_tile","1266","1284","mp_exchange2d","mp_exchange2d","1","1","10","True","True","END IF || END IF || IF (Aout(idVbar,ng)) THEN || DO j=Jstr,JendR || DO i=IstrR,IendR || AVERAGE(ng)%avgv2d(i,j)=vfac(i,j)* AVERAGE(ng)%avgv2d(i,j)"
"set_avg.f90","set_avg_tile","1284","1307","mp_exchange2d","mp_exchange2d","1","2","12","True","True","END IF || END IF || IF (Aout(idu2dE,ng).and.Aout(idv2dN,ng)) THEN || DO j=Jstr,Jend || DO i=Istr,Iend || AVERAGE(ng)%avgu2dE(i,j)=rfac(i,j)* AVERAGE(ng)%avgu2dE(i,j)"
"set_avg.f90","set_avg_tile","1307","1328","mp_exchange2d","mp_exchange3d","2","1","12","True","True","END IF || END IF || IF (Aout(idUvel,ng)) THEN || DO k=1,N(ng) || DO j=JstrR,JendR || DO i=Istr,IendR"
"set_avg.f90","set_avg_tile","1328","1348","mp_exchange3d","mp_exchange3d","1","1","12","True","True","END IF || END IF || IF (Aout(idVvel,ng)) THEN || DO k=1,N(ng) || DO j=Jstr,JendR || DO i=IstrR,IendR"
"set_avg.f90","set_avg_tile","1348","1373","mp_exchange3d","mp_exchange3d","1","2","14","True","True","END IF || END IF || IF (Aout(idu3dE,ng).and.Aout(idv3dN,ng)) THEN || DO k=1,N(ng) || DO j=Jstr,Jend || DO i=Istr,Iend"
"set_avg.f90","set_avg_tile","1373","1394","mp_exchange3d","mp_exchange3d","2","1","12","True","True","END IF || END IF || IF (Aout(idOvel,ng)) THEN || DO k=0,N(ng) || DO j=JstrR,JendR || DO i=IstrR,IendR"
"set_avg.f90","set_avg_tile","1394","1414","mp_exchange3d","mp_exchange3d","1","1","12","True","True","END IF || END IF || IF (Aout(idWvel,ng)) THEN || DO k=0,N(ng) || DO j=JstrR,JendR || DO i=IstrR,IendR"
"set_avg.f90","set_avg_tile","1414","1434","mp_exchange3d","mp_exchange3d","1","1","12","True","True","END IF || END IF || IF (Aout(idDano,ng)) THEN || DO k=1,N(ng) || DO j=JstrR,JendR || DO i=IstrR,IendR"
"set_avg.f90","set_avg_tile","1434","1455","mp_exchange3d","mp_exchange3d","1","1","13","True","True","END IF || END IF || DO it=1,NT(ng) || IF (Aout(idTvar(it),ng)) THEN || DO k=1,N(ng) || DO j=JstrR,JendR"
"set_avg.f90","set_avg_tile","1455","1476","mp_exchange3d","mp_exchange3d","1","1","13","True","True","END IF || END IF || END DO || IF (Aout(idVvis,ng)) THEN || DO k=0,N(ng) || DO j=JstrR,JendR"
"set_avg.f90","set_avg_tile","1476","1496","mp_exchange3d","mp_exchange3d","1","1","12","True","True","END IF || END IF || IF (Aout(idTdif,ng)) THEN || DO k=0,N(ng) || DO j=JstrR,JendR || DO i=IstrR,IendR"
"set_avg.f90","set_avg_tile","1496","1516","mp_exchange3d","mp_exchange3d","1","1","12","True","True","END IF || END IF || IF (Aout(idSdif,ng)) THEN || DO k=0,N(ng) || DO j=JstrR,JendR || DO i=IstrR,IendR"
"set_avg.f90","set_avg_tile","1516","1537","mp_exchange3d","mp_exchange2d","1","1","10","True","True","END IF || END IF || IF (Aout(idUsms,ng)) THEN || DO j=JstrR,JendR || DO i=Istr,IendR || AVERAGE(ng)%avgsus(i,j)=ufac(i,j)* AVERAGE(ng)%avgsus(i,j)"
"set_avg.f90","set_avg_tile","1537","1555","mp_exchange2d","mp_exchange2d","1","1","10","True","True","END IF || END IF || IF (Aout(idVsms,ng)) THEN || DO j=Jstr,JendR || DO i=IstrR,IendR || AVERAGE(ng)%avgsvs(i,j)=vfac(i,j)* AVERAGE(ng)%avgsvs(i,j)"
"set_avg.f90","set_avg_tile","1555","1573","mp_exchange2d","mp_exchange2d","1","1","10","True","True","END IF || END IF || IF (Aout(idUbms,ng)) THEN || DO j=JstrR,JendR || DO i=Istr,IendR || AVERAGE(ng)%avgbus(i,j)=ufac(i,j)* AVERAGE(ng)%avgbus(i,j)"
"set_avg.f90","set_avg_tile","1573","1591","mp_exchange2d","mp_exchange2d","1","1","10","True","True","END IF || END IF || IF (Aout(idVbms,ng)) THEN || DO j=Jstr,JendR || DO i=IstrR,IendR || AVERAGE(ng)%avgbvs(i,j)=vfac(i,j)* AVERAGE(ng)%avgbvs(i,j)"
"set_avg.f90","set_avg_tile","1591","1609","mp_exchange2d","mp_exchange2d","1","1","10","True","True","END IF || END IF || IF (Aout(idTsur(itemp),ng)) THEN || DO j=JstrR,JendR || DO i=IstrR,IendR || AVERAGE(ng)%avgstf(i,j)=rfac(i,j)* AVERAGE(ng)%avgstf(i,j)"
"set_avg.f90","set_avg_tile","1609","1627","mp_exchange2d","mp_exchange2d","1","1","10","True","True","END IF || END IF || IF (Aout(idTsur(isalt),ng)) THEN || DO j=JstrR,JendR || DO i=IstrR,IendR || AVERAGE(ng)%avgswf(i,j)=rfac(i,j)* AVERAGE(ng)%avgswf(i,j)"
"set_avg.f90","set_avg_tile","1627","1645","mp_exchange2d","mp_exchange2d","1","1","10","True","True","END IF || END IF || IF (Aout(idSrad,ng)) THEN || DO j=JstrR,JendR || DO i=IstrR,IendR || AVERAGE(ng)%avgsrf(i,j)=rfac(i,j)* AVERAGE(ng)%avgsrf(i,j)"
"set_avg.f90","set_avg_tile","1645","1666","mp_exchange2d","mp_exchange2d","1","1","10","True","True","END IF || END IF || IF (Aout(id2dPV,ng)) THEN || DO j=Jstr,Jend || DO i=Istr,Iend || AVERAGE(ng)%avgpvor2d(i,j)=pfac(i,j)* AVERAGE(ng)%avgpvor2d(i,j)"
"set_avg.f90","set_avg_tile","1666","1684","mp_exchange2d","mp_exchange2d","1","1","10","True","True","END IF || END IF || IF (Aout(id2dRV,ng)) THEN || DO j=Jstr,Jend || DO i=Istr,Iend || AVERAGE(ng)%avgrvor2d(i,j)=pfac(i,j)* AVERAGE(ng)%avgrvor2d(i,j)"
"set_avg.f90","set_avg_tile","1684","1704","mp_exchange2d","mp_exchange3d","1","1","12","True","True","END IF || END IF || IF (Aout(id3dPV,ng)) THEN || DO k=1,N(ng) || DO j=Jstr,Jend || DO i=Istr,Iend"
"set_avg.f90","set_avg_tile","1704","1724","mp_exchange3d","mp_exchange3d","1","1","12","True","True","END IF || END IF || IF (Aout(id3dRV,ng)) THEN || DO k=1,N(ng) || DO j=Jstr,Jend || DO i=Istr,Iend"
"set_avg.f90","set_avg_tile","1724","1745","mp_exchange3d","mp_exchange2d","1","1","10","True","True","END IF || END IF || IF (Aout(idZZav,ng)) THEN || DO j=JstrR,JendR || DO i=IstrR,IendR || AVERAGE(ng)%avgZZ(i,j)=rfac(i,j)* AVERAGE(ng)%avgZZ(i,j)"
"set_avg.f90","set_avg_tile","1745","1763","mp_exchange2d","mp_exchange2d","1","1","10","True","True","END IF || END IF || IF (Aout(idU2av,ng)) THEN || DO j=JstrR,JendR || DO i=Istr,IendR || AVERAGE(ng)%avgU2(i,j)=ufac(i,j)* AVERAGE(ng)%avgU2(i,j)"
"set_avg.f90","set_avg_tile","1763","1781","mp_exchange2d","mp_exchange2d","1","1","10","True","True","END IF || END IF || IF (Aout(idV2av,ng)) THEN || DO j=Jstr,JendR || DO i=IstrR,IendR || AVERAGE(ng)%avgV2(i,j)=vfac(i,j)* AVERAGE(ng)%avgV2(i,j)"
"set_avg.f90","set_avg_tile","1781","1801","mp_exchange2d","mp_exchange3d","1","1","12","True","True","END IF || END IF || IF (Aout(idUUav,ng)) THEN || DO k=1,N(ng) || DO j=JstrR,JendR || DO i=Istr,IendR"
"set_avg.f90","set_avg_tile","1801","1821","mp_exchange3d","mp_exchange3d","1","1","12","True","True","END IF || END IF || IF (Aout(idVVav,ng)) THEN || DO k=1,N(ng) || DO j=Jstr,JendR || DO i=IstrR,IendR"
"set_avg.f90","set_avg_tile","1821","1841","mp_exchange3d","mp_exchange3d","1","1","12","True","True","END IF || END IF || IF (Aout(idUVav,ng)) THEN || DO k=1,N(ng) || DO j=Jstr,Jend || DO i=Istr,Iend"
"set_avg.f90","set_avg_tile","1841","1861","mp_exchange3d","mp_exchange3d","1","1","12","True","True","END IF || END IF || IF (Aout(idHUav,ng)) THEN || DO k=1,N(ng) || DO j=JstrR,JendR || DO i=Istr,IendR"
"set_avg.f90","set_avg_tile","1861","1881","mp_exchange3d","mp_exchange3d","1","1","12","True","True","END IF || END IF || IF (Aout(idHVav,ng)) THEN || DO k=1,N(ng) || DO j=Jstr,JendR || DO i=IstrR,IendR"
"set_avg.f90","set_avg_tile","1881","1902","mp_exchange3d","mp_exchange3d","1","1","13","True","True","END IF || END IF || DO it=1,NT(ng) || IF (Aout(idTTav(it),ng)) THEN || DO k=1,N(ng) || DO j=JstrR,JendR"
"set_avg.f90","set_avg_tile","1902","1922","mp_exchange3d","mp_exchange3d","1","1","12","True","True","END IF || END IF || IF (Aout(idUTav(it),ng)) THEN || DO k=1,N(ng) || DO j=JstrR,JendR || DO i=Istr,Iend"
"set_avg.f90","set_avg_tile","1922","1942","mp_exchange3d","mp_exchange3d","1","1","12","True","True","END IF || END IF || IF (Aout(idVTav(it),ng)) THEN || DO k=1,N(ng) || DO j=Jstr,Jend || DO i=IstrR,IendR"
"set_avg.f90","set_avg_tile","1942","1962","mp_exchange3d","mp_exchange3d","1","1","12","True","True","END IF || END IF || IF (Aout(iHUTav(it),ng)) THEN || DO k=1,N(ng) || DO j=JstrR,JendR || DO i=Istr,Iend"
"set_avg.f90","set_avg_tile","1962","1982","mp_exchange3d","mp_exchange3d","1","1","12","True","True","END IF || END IF || IF (Aout(iHVTav(it),ng)) THEN || DO k=1,N(ng) || DO j=Jstr,Jend || DO i=IstrR,IendR"
"set_depth.f90","set_depth_tile","266","271","mp_exchange2d","mp_exchange3d","1","1","0","False","False",""
"set_depth.f90","set_depth_tile","271","276","mp_exchange3d","mp_exchange3d","1","2","0","False","False",""
"set_depth.f90","set_depth0_tile","503","508","mp_exchange3d","mp_exchange3d","1","1","0","False","False",""
"set_masks.f90","set_masks_tile","248","293","mp_exchange2d","mp_exchange2d","4","4","26","True","True","DO j=JstrP,JendP || DO i=IstrP,IendP || pmask_avg(i,j)=0.0_r8 || END DO || END DO || DO j=JstrT,JendT"
"set_tides.f90","set_tides_tile","248","395","mp_exchange2d","mp_exchange2d","1","2","88","True","True","END IF || IF (LBC(iwest,isFsur,ng)%acquire.or. LBC(iwest,isUbar,ng)%acquire.or. LBC(iwest,isVbar,ng)%acquire) THEN || update=.FALSE. || IF (DOMAIN(ng)%Western_Edge(tile)) THEN || DO j=JstrR,JendR || BOUNDARY(ng)%zeta_west(j)=BOUNDARY(ng)%zeta_west(j)+ 0.5_r8*(Etide(Istr-1,j)+ Etide(Istr ,j))"
"step2d.f90","step2d_tile","329","442","mp_exchange2d","mp_exchange2d","2","3","65","True","True","IF (ANY(VolCons(:,ng))) THEN || CALL set_DUV_bc_tile (ng, tile, LBi, UBi, LBj, UBj, IminS, ImaxS, JminS, JmaxS, krhs, umask, vmask, om_v, on_u, ubar, vbar, Drhs, DUon, DVom) || END IF || IF (PREDICTOR_2D_STEP(ng)) THEN || IF (iif(ng).eq.1) THEN || cff2=(-1.0_r8/12.0_r8)*weight(2,iif(ng)+1,ng)"
"step2d.f90","step2d_tile","442","447","mp_exchange2d","mp_exchange2d","3","2","0","False","False",""
"step2d.f90","step2d_tile","447","572","mp_exchange2d","mp_exchange2d","2","1","68","True","True","END IF || CALL wetdry_tile (ng, tile, LBi, UBi, LBj, UBj, IminS, ImaxS, JminS, JmaxS, pmask, rmask, umask, vmask, h, zeta(:,:,kstp), DU_avg1, DV_avg1, rmask_wet_avg, pmask_wet, pmask_full, rmask_wet, rmask_full, umask_wet, umask_full, vmask_wet, vmask_full) || IF (iif(ng).gt.nfast(ng)) RETURN || fac=1000.0_r8/rho0 || IF (iif(ng).eq.1) THEN || cff1=dtfast(ng)"
"step2d.f90","step2d_tile","572","606","mp_exchange2d","mp_exchange2d","1","1","14","True","True","END IF || IF (LwSrc(ng)) THEN || DO is=1,Nsrc(ng) || i=SOURCES(ng)%Isrc(is) || j=SOURCES(ng)%Jsrc(is) || IF (((IstrR.le.i).and.(i.le.IendR)).and. ((JstrR.le.j).and.(j.le.JendR))) THEN"
"step2d.f90","step2d_tile","606","1275","mp_exchange2d","mp_exchange2d","1","2","438","True","True","cff1=0.5_r8*g || cff2=1.0_r8/3.0_r8 || DO j=Jstr,Jend || DO i=IstrU,Iend || rhs_ubar(i,j)=cff1*on_u(i,j)* ((h(i-1,j)+ h(i ,j))* (gzeta(i-1,j)- gzeta(i ,j))+ (h(i-1,j)- h(i ,j))* (gzetaSA(i-1,j)+ gzetaSA(i ,j)+ cff2*(rhoA(i-1,j)- rhoA(i ,j))* (zwrk(i-1,j)- zwrk(i ,j)))+ (gzeta2(i-1,j)- gzeta2(i ,j))) || END DO"
"step3d_uv.f90","step3d_uv_tile","764","771","mp_exchange3d","mp_exchange2d","4","4","0","False","False",""
"step3d_uv_org.f90","step3d_uv_tile","764","771","mp_exchange3d","mp_exchange2d","4","4","0","False","False",""
"vorticity.f90","vorticity_tile","365","407","mp_exchange3d","mp_exchange2d","2","2","17","True","True","DO j=Jstr,Jend || DO i=Istr,Iend || cff=0.0625_r8* (pm(i-1,j-1)+pm(i-1,j)+pm(i,j-1)+pm(i,j))* (pn(i-1,j-1)+pn(i-1,j)+pn(i,j-1)+pn(i,j)) || fomn_p=0.25_r8*(f(i-1,j-1)+f(i-1,j)+f(i,j-1)+f(i,j))/cff || cff=pm(i,j)*pn(i,j) || dVdx_p=on_v(i ,j)*vbar(i ,j,kout)- on_v(i-1,j)*vbar(i-1,j,kout)"
"wetdry.f90","wetdry_tile","266","355","mp_exchange2d","mp_exchange2d","1","4","49","True","True","ELSE || cff=1.0_r8/REAL(2*nfast(ng),r8) || DO j=Jstr-1,JendR ! executed in a different || DO i=Istr-1,IendR ! paralllel region || wetdry(i,j)=AINT(rmask_wet_avg(i,j)*cff) || END DO"
"wvelocity.f90","wvelocity_tile","207","310","mp_exchange2d","mp_exchange3d","2","1","46","True","True","DO k=1,N(ng) || DO j=Jstr,Jend || DO i=Istr,Iend+1 || wrk(i,j)=u(i,j,k,Ninp)*(z_r(i,j,k)-z_r(i-1,j,k))* (pm(i-1,j)+pm(i,j)) || END DO || DO i=Istr,Iend"
