source	source_line	column	report_line	vectorized	speedup
/public/home/fujiake/fjk/agent_tmp/isolated/imports/nan_O33_final_20260801/ROMS_CoSiNE15/Build/pre_step3d.f90	335	15	491	True	2.55
/public/home/fujiake/fjk/agent_tmp/isolated/imports/nan_O33_final_20260801/ROMS_CoSiNE15/Build/pre_step3d.f90	342	15	526	True	2.55
/public/home/fujiake/fjk/agent_tmp/isolated/imports/nan_O33_final_20260801/ROMS_CoSiNE15/Build/pre_step3d.f90	287	13	121	True	1.95
/public/home/fujiake/fjk/agent_tmp/isolated/imports/nan_O33_final_20260801/ROMS_CoSiNE15/Build/pre_step3d.f90	309	13	251	True	1.95
/public/home/fujiake/fjk/agent_tmp/isolated/imports/nan_O33_final_20260801/ROMS_CoSiNE15/Build/pre_step3d.f90	327	13	398	True	1.95
/public/home/fujiake/fjk/agent_tmp/isolated/imports/nan_O33_final_20260801/ROMS_CoSiNE15/Build/pre_step3d.f90	349	13	560	True	1.94
/public/home/fujiake/fjk/agent_tmp/isolated/imports/nan_O33_final_20260801/ROMS_CoSiNE15/Build/pre_step3d.f90	554	13	1431	True	1.85
/public/home/fujiake/fjk/agent_tmp/isolated/imports/nan_O33_final_20260801/ROMS_CoSiNE15/Build/pre_step3d.f90	546	11	1384	True	1.83
/public/home/fujiake/fjk/agent_tmp/isolated/imports/nan_O33_final_20260801/ROMS_CoSiNE15/Build/pre_step3d.f90	654	11	2024	True	1.83
/public/home/fujiake/fjk/agent_tmp/isolated/imports/nan_O33_final_20260801/ROMS_CoSiNE15/Build/pre_step3d.f90	601	13	1670	True	1.8
/public/home/fujiake/fjk/agent_tmp/isolated/imports/nan_O33_final_20260801/ROMS_CoSiNE15/Build/pre_step3d.f90	667	15	2100	True	1.8
/public/home/fujiake/fjk/agent_tmp/isolated/imports/nan_O33_final_20260801/ROMS_CoSiNE15/Build/pre_step3d.f90	609	13	1772	True	1.76
/public/home/fujiake/fjk/agent_tmp/isolated/imports/nan_O33_final_20260801/ROMS_CoSiNE15/Build/pre_step3d.f90	675	15	2202	True	1.76
/public/home/fujiake/fjk/agent_tmp/isolated/imports/nan_O33_final_20260801/ROMS_CoSiNE15/Build/pre_step3d.f90	622	13	1858	True	1.73
/public/home/fujiake/fjk/agent_tmp/isolated/imports/nan_O33_final_20260801/ROMS_CoSiNE15/Build/pre_step3d.f90	688	15	2288	True	1.73
/public/home/fujiake/fjk/agent_tmp/isolated/imports/nan_O33_final_20260801/ROMS_CoSiNE15/Build/pre_step3d.f90	535	15	1293	True	1.71
/public/home/fujiake/fjk/agent_tmp/isolated/imports/nan_O33_final_20260801/ROMS_CoSiNE15/Build/pre_step3d.f90	317	13	297	True	1.69
/public/home/fujiake/fjk/agent_tmp/isolated/imports/nan_O33_final_20260801/ROMS_CoSiNE15/Build/pre_step3d.f90	357	13	599	True	1.69
/public/home/fujiake/fjk/agent_tmp/isolated/imports/nan_O33_final_20260801/ROMS_CoSiNE15/Build/pre_step3d.f90	445	13	912	True	1.69
/public/home/fujiake/fjk/agent_tmp/isolated/imports/nan_O33_final_20260801/ROMS_CoSiNE15/Build/pre_step3d.f90	423	11	824	True	1.67
/public/home/fujiake/fjk/agent_tmp/isolated/imports/nan_O33_final_20260801/ROMS_CoSiNE15/Build/pre_step3d.f90	577	11	1531	True	1.67
/public/home/fujiake/fjk/agent_tmp/isolated/imports/nan_O33_final_20260801/ROMS_CoSiNE15/Build/pre_step3d.f90	644	13	1946	True	1.67
/public/home/fujiake/fjk/agent_tmp/isolated/imports/nan_O33_final_20260801/ROMS_CoSiNE15/Build/pre_step3d.f90	495	13	1080	True	1.66
/public/home/fujiake/fjk/agent_tmp/isolated/imports/nan_O33_final_20260801/ROMS_CoSiNE15/Build/pre_step3d.f90	522	13	1192	True	1.65
/public/home/fujiake/fjk/agent_tmp/isolated/imports/nan_O33_final_20260801/ROMS_CoSiNE15/Build/pre_step3d.f90	399	13	729	True	1.62
/public/home/fujiake/fjk/agent_tmp/isolated/imports/nan_O33_final_20260801/ROMS_CoSiNE15/Build/pre_step3d.f90	535	15	1342	True	1.53
/public/home/fujiake/fjk/agent_tmp/isolated/imports/nan_O33_final_20260801/ROMS_CoSiNE15/Build/pre_step3d.f90	287	13	172	True	1.51
/public/home/fujiake/fjk/agent_tmp/isolated/imports/nan_O33_final_20260801/ROMS_CoSiNE15/Build/pre_step3d.f90	327	13	449	True	1.51
/public/home/fujiake/fjk/agent_tmp/isolated/imports/nan_O33_final_20260801/ROMS_CoSiNE15/Build/pre_step3d.f90	317	13	348	True	1.5
/public/home/fujiake/fjk/agent_tmp/isolated/imports/nan_O33_final_20260801/ROMS_CoSiNE15/Build/pre_step3d.f90	357	13	650	True	1.5
/public/home/fujiake/fjk/agent_tmp/isolated/imports/nan_O33_final_20260801/ROMS_CoSiNE15/Build/pre_step3d.f90	609	13	1814	True	1.5
/public/home/fujiake/fjk/agent_tmp/isolated/imports/nan_O33_final_20260801/ROMS_CoSiNE15/Build/pre_step3d.f90	675	15	2244	True	1.5
/public/home/fujiake/fjk/agent_tmp/isolated/imports/nan_O33_final_20260801/ROMS_CoSiNE15/Build/pre_step3d.f90	522	13	1248	True	1.49
/public/home/fujiake/fjk/agent_tmp/isolated/imports/nan_O33_final_20260801/ROMS_CoSiNE15/Build/pre_step3d.f90	554	13	1480	True	1.48
/public/home/fujiake/fjk/agent_tmp/isolated/imports/nan_O33_final_20260801/ROMS_CoSiNE15/Build/pre_step3d.f90	577	11	1575	True	1.47
/public/home/fujiake/fjk/agent_tmp/isolated/imports/nan_O33_final_20260801/ROMS_CoSiNE15/Build/pre_step3d.f90	587	9	1609	True	1.47
/public/home/fujiake/fjk/agent_tmp/isolated/imports/nan_O33_final_20260801/ROMS_CoSiNE15/Build/pre_step3d.f90	644	13	1990	True	1.47
/public/home/fujiake/fjk/agent_tmp/isolated/imports/nan_O33_final_20260801/ROMS_CoSiNE15/Build/pre_step3d.f90	601	13	1721	True	1.46
/public/home/fujiake/fjk/agent_tmp/isolated/imports/nan_O33_final_20260801/ROMS_CoSiNE15/Build/pre_step3d.f90	622	13	1901	True	1.46
/public/home/fujiake/fjk/agent_tmp/isolated/imports/nan_O33_final_20260801/ROMS_CoSiNE15/Build/pre_step3d.f90	667	15	2151	True	1.46
/public/home/fujiake/fjk/agent_tmp/isolated/imports/nan_O33_final_20260801/ROMS_CoSiNE15/Build/pre_step3d.f90	688	15	2331	True	1.46
/public/home/fujiake/fjk/agent_tmp/isolated/imports/nan_O33_final_20260801/ROMS_CoSiNE15/Build/pre_step3d.f90	423	11	869	True	1.45
/public/home/fujiake/fjk/agent_tmp/isolated/imports/nan_O33_final_20260801/ROMS_CoSiNE15/Build/pre_step3d.f90	369	30	695	True	1.43
/public/home/fujiake/fjk/agent_tmp/isolated/imports/nan_O33_final_20260801/ROMS_CoSiNE15/Build/pre_step3d.f90	469	29	1040	True	1.43
/public/home/fujiake/fjk/agent_tmp/isolated/imports/nan_O33_final_20260801/ROMS_CoSiNE15/Build/pre_step3d.f90	399	13	773	True	1.38
/public/home/fujiake/fjk/agent_tmp/isolated/imports/nan_O33_final_20260801/ROMS_CoSiNE15/Build/pre_step3d.f90	495	13	1133	True	1.36
/public/home/fujiake/fjk/agent_tmp/isolated/imports/nan_O33_final_20260801/ROMS_CoSiNE15/Build/pre_step3d.f90	445	13	963	True	1.34
/public/home/fujiake/fjk/agent_tmp/isolated/imports/nan_O33_final_20260801/ROMS_CoSiNE15/Build/pre_step3d.f90	662	11	2066	True	1.32
/public/home/fujiake/fjk/agent_tmp/isolated/imports/nan_O33_final_20260801/ROMS_CoSiNE15/Build/pre_step3d.f90	453	11	1002	True	1.31
/public/home/fujiake/fjk/agent_tmp/isolated/imports/nan_O33_final_20260801/ROMS_CoSiNE15/Build/pre_step3d.f90	265	11	71	True	1.29
/public/home/fujiake/fjk/agent_tmp/isolated/imports/nan_O33_final_20260801/ROMS_CoSiNE15/Build/pre_step3d.f90	256	11	36	True	1.19
/public/home/fujiake/fjk/agent_tmp/isolated/imports/nan_O33_final_20260801/ROMS_CoSiNE15/Build/pre_step3d.f90	295	15	205	False	1.0
/public/home/fujiake/fjk/agent_tmp/isolated/imports/nan_O33_final_20260801/ROMS_CoSiNE15/Build/pre_step3d.f90	302	15	224	False	1.0
