collective	comm_size	message_bytes	datatype_size	operation	calls_total	calls_mean	calls_min	calls_max	seconds_mean	seconds_max	pct_elapsed_mean
MPI_Bcast	64	4	4	-1	43008	672.000	672	672	2.301877535	2.926331646	1.823400
MPI_Allreduce	64	134368	8	3	46080	720.000	720	720	2.248578451	3.371789807	1.781183
MPI_Allreduce	64	626416	8	3	156672	2448.000	2448	2448	1.475183429	1.597351085	1.168546
MPI_Bcast	64	12	4	-1	76800	1200.000	1200	1200	1.436706158	1.496470185	1.138065
MPI_Bcast	16	33154256	8	-1	192	3.000	3	3	1.372874277	1.481680047	1.087501
MPI_Bcast	16	32108800	8	-1	64	1.000	1	1	1.104669500	1.178991824	0.875047
MPI_Bcast	16	32206992	8	-1	1088	17.000	17	17	0.748533985	0.997564121	0.592939
MPI_Bcast	64	8	4	-1	27328	427.000	427	427	0.681131015	0.709075988	0.539548
MPI_Allreduce	64	187680	8	3	9280	145.000	145	145	0.612012373	0.938148356	0.484799
MPI_Bcast	16	16390936	8	-1	192	3.000	3	3	0.501066720	0.539264807	0.396912
MPI_Bcast	16	14208976	8	-1	384	6.000	6	6	0.424001539	0.491289108	0.335866
MPI_Bcast	16	15922624	8	-1	1088	17.000	17	17	0.388720331	0.510810958	0.307918
MPI_Bcast	16	15858160	8	-1	64	1.000	1	1	0.328485540	0.354432389	0.260205
MPI_Allreduce	64	109088	8	3	18688	292.000	292	292	0.259268554	0.440510832	0.205376
MPI_Allreduce	64	18424	8	3	9216	144.000	144	144	0.224343285	0.438544513	0.177711
MPI_Allreduce	64	108864	8	3	56064	876.000	876	876	0.156826620	0.159101591	0.124228
MPI_Bcast	16	32117776	8	-1	64	1.000	1	1	0.103186150	0.108746541	0.081737
MPI_Allreduce	64	613088	8	3	9216	144.000	144	144	0.088751065	0.093678397	0.070303
MPI_Allreduce	64	613632	8	3	9216	144.000	144	144	0.086246002	0.092088257	0.068319
MPI_Allreduce	64	2632	8	3	37120	580.000	580	580	0.065302612	0.094552973	0.051729
MPI_Bcast	4	33154256	8	-1	12	0.188	0	3	0.057926800	0.932078768	0.045888
MPI_Bcast	4	32108800	8	-1	4	0.062	0	1	0.049596742	0.796006399	0.039289
MPI_Bcast	16	15855440	8	-1	64	1.000	1	1	0.047995348	0.051488695	0.038019
MPI_Bcast	64	3600	4	-1	72960	1140.000	1140	1140	0.033874319	0.131244585	0.026833
MPI_Allreduce	64	2888	8	3	74240	1160.000	1160	1160	0.032710853	0.033564362	0.025911
MPI_Bcast	64	160	8	-1	21440	335.000	335	335	0.031204805	0.058922882	0.024718
MPI_Allreduce	64	18032	8	3	9344	146.000	146	146	0.022032188	0.024902810	0.017452
MPI_Bcast	64	98192	8	-1	3584	56.000	56	56	0.020841088	0.025296615	0.016509
MPI_Allreduce	64	18048	8	3	9344	146.000	146	146	0.019024056	0.019733158	0.015070
MPI_Bcast	4	16390936	8	-1	12	0.188	0	3	0.018797068	0.303508510	0.014890
MPI_Bcast	64	36000	1	-1	14592	228.000	228	228	0.017519689	0.148184525	0.013878
MPI_Bcast	4	32206992	8	-1	68	1.062	0	17	0.016654187	0.308806093	0.013193
MPI_Allreduce	64	8	8	3	31424	491.000	491	491	0.016080631	0.023805081	0.012738
MPI_Bcast	4	14208976	8	-1	24	0.375	0	6	0.015910295	0.260648810	0.012604
MPI_Bcast	4	15858160	8	-1	4	0.062	0	1	0.014380500	0.231197241	0.011392
MPI_Bcast	64	51200	1	-1	10560	165.000	165	165	0.014205495	0.017934488	0.011253
MPI_Bcast	64	947280	8	-1	1472	23.000	23	23	0.013642763	0.016705504	0.010807
MPI_Allreduce	64	3701376	8	3	128	2.000	2	2	0.013505349	0.014439643	0.010698
MPI_Allreduce	64	2505664	8	3	64	1.000	1	1	0.011071070	0.012027322	0.008770
MPI_Bcast	64	468328	8	-1	1472	23.000	23	23	0.010692507	0.014467463	0.008470
MPI_Allreduce	64	1850688	8	3	128	2.000	2	2	0.009915328	0.010333030	0.007854
MPI_Bcast	4	15922624	8	-1	68	1.062	0	17	0.008766130	0.162896167	0.006944
MPI_Bcast	64	18000	4	-1	14592	228.000	228	228	0.008056755	0.010445125	0.006382
MPI_Allreduce	64	3708992	8	3	64	1.000	1	1	0.007125807	0.007630144	0.005645
MPI_Bcast	64	89488	8	-1	2176	34.000	34	34	0.006217091	0.006830837	0.004925
MPI_Allreduce	64	2454528	8	3	64	1.000	1	1	0.005922440	0.006479566	0.004691
MPI_Allreduce	64	462672	4	3	128	2.000	2	2	0.005547195	0.006742808	0.004394
MPI_Allreduce	64	2452352	8	3	64	1.000	1	1	0.005507067	0.006032636	0.004362
MPI_Allreduce	64	1854496	8	3	64	1.000	1	1	0.005032620	0.005501375	0.003987
MPI_Bcast	64	944656	8	-1	512	8.000	8	8	0.004705738	0.005732786	0.003728
MPI_Bcast	64	944392	8	-1	512	8.000	8	8	0.004449853	0.005323484	0.003525
MPI_Allreduce	64	313208	4	3	64	1.000	1	1	0.004071806	0.004828413	0.003225
MPI_Allreduce	64	1252832	8	3	64	1.000	1	1	0.003694533	0.003763134	0.002927
MPI_Bcast	64	136208	8	-1	640	10.000	10	10	0.003694225	0.005545943	0.002926
MPI_Allreduce	64	463624	4	3	64	1.000	1	1	0.003597284	0.004366694	0.002850
MPI_Bcast	4	32117776	8	-1	4	0.062	0	1	0.003432839	0.055012202	0.002719
MPI_Allreduce	64	1227264	8	3	64	1.000	1	1	0.003419860	0.003659464	0.002709
MPI_Allreduce	64	1226176	8	3	64	1.000	1	1	0.003416016	0.003496782	0.002706
MPI_Bcast	64	200	4	-1	26432	413.000	413	413	0.002834401	0.005797268	0.002245
MPI_Allreduce	64	27216	8	3	256	4.000	4	4	0.002641905	0.003440211	0.002093
MPI_Bcast	64	941776	8	-1	320	5.000	5	5	0.002617880	0.003175044	0.002074
MPI_Bcast	64	466352	8	-1	512	8.000	8	8	0.002531159	0.003418682	0.002005
MPI_Bcast	64	466432	8	-1	512	8.000	8	8	0.002452295	0.003312473	0.001943
MPI_Bcast	64	464464	8	-1	320	5.000	5	5	0.002245584	0.003210233	0.001779
MPI_Allreduce	64	306544	4	3	64	1.000	1	1	0.002115980	0.002465012	0.001676
MPI_Bcast	64	2000	1	-1	18496	289.000	289	289	0.001921295	0.002819902	0.001522
MPI_Bcast	64	68104	4	-1	384	6.000	6	6	0.001823928	0.003118510	0.001445
MPI_Bcast	4	15855440	8	-1	4	0.062	0	1	0.001641137	0.026347025	0.001300
MPI_Bcast	64	44	1	-1	64	1.000	1	1	0.001602070	0.002005671	0.001269
MPI_Bcast	64	256	1	-1	64	1.000	1	1	0.001583632	0.003102681	0.001254
MPI_Bcast	64	544832	8	-1	64	1.000	1	1	0.001521612	0.002583902	0.001205
MPI_Allreduce	64	306816	4	3	64	1.000	1	1	0.001464387	0.001632210	0.001160
MPI_Allreduce	64	8	8	2	896	14.000	14	14	0.001060140	0.002256043	0.000840
MPI_Bcast	64	400	8	-1	10560	165.000	165	165	0.000909393	0.001357581	0.000720
MPI_Allreduce	64	8	8	1	4864	76.000	76	76	0.000838703	0.000866062	0.000664
MPI_Bcast	64	200	1	-1	10560	165.000	165	165	0.000568449	0.000931753	0.000450
MPI_Bcast	64	20	4	-1	18496	289.000	289	289	0.000562797	0.000901334	0.000446
MPI_Allreduce	64	112	16	11	1728	27.000	27	27	0.000555767	0.000614517	0.000440
MPI_Bcast	64	16	4	-1	14592	228.000	228	228	0.000384510	0.000744401	0.000305
MPI_Bcast	64	2920	8	-1	1856	29.000	29	29	0.000365120	0.000473352	0.000289
MPI_Bcast	64	8	8	-1	11520	180.000	180	180	0.000317239	0.000594080	0.000251
MPI_Bcast	64	2888	8	-1	768	12.000	12	12	0.000155294	0.000201070	0.000123
MPI_Bcast	64	11688	8	-1	256	4.000	4	4	0.000114331	0.000138670	0.000091
MPI_Bcast	64	96	8	-1	2240	35.000	35	35	0.000099671	0.000170819	0.000079
MPI_Bcast	64	2632	8	-1	384	6.000	6	6	0.000090784	0.000439111	0.000072
MPI_Bcast	64	120	8	-1	512	8.000	8	8	0.000043509	0.000062650	0.000034
MPI_Bcast	64	2048	1	-1	64	1.000	1	1	0.000020433	0.000034670	0.000016
